origin,time,path,method,size,status_code
in24.inetnebr.com,1995-08-01 00:00:01,/shuttle/missions/sts-68/news/sts-68-mcc-05.txt,GET,1839,200
uplherc.upl.com,1995-08-01 00:00:07,/,GET,0,304
uplherc.upl.com,1995-08-01 00:00:08,/images/ksclogo-medium.gif,GET,0,304
uplherc.upl.com,1995-08-01 00:00:08,/images/MOSAIC-logosmall.gif,GET,0,304
uplherc.upl.com,1995-08-01 00:00:08,/images/USA-logosmall.gif,GET,0,304
ix-esc-ca2-07.ix.netcom.com,1995-08-01 00:00:09,/images/launch-logo.gif,GET,1713,200
uplherc.upl.com,1995-08-01 00:00:10,/images/WORLD-logosmall.gif,GET,0,304
slppp6.intermind.net,1995-08-01 00:00:10,/history/skylab/skylab.html,GET,1687,200
piweba4y.prodigy.com,1995-08-01 00:00:10,/images/launchmedium.gif,GET,11853,200
slppp6.intermind.net,1995-08-01 00:00:11,/history/skylab/skylab-small.gif,GET,9202,200
slppp6.intermind.net,1995-08-01 00:00:12,/images/ksclogosmall.gif,GET,3635,200
ix-esc-ca2-07.ix.netcom.com,1995-08-01 00:00:12,/history/apollo/images/apollo-logo1.gif,GET,1173,200
slppp6.intermind.net,1995-08-01 00:00:13,/history/apollo/images/apollo-logo.gif,GET,3047,200
uplherc.upl.com,1995-08-01 00:00:14,/images/NASA-logosmall.gif,GET,0,304
133.43.96.45,1995-08-01 00:00:16,/shuttle/missions/sts-69/mission-sts-69.html,GET,10566,200
kgtyk4.kj.yamagata-u.ac.jp,1995-08-01 00:00:17,/,GET,7280,200
kgtyk4.kj.yamagata-u.ac.jp,1995-08-01 00:00:18,/images/ksclogo-medium.gif,GET,5866,200
d0ucr6.fnal.gov,1995-08-01 00:00:19,/history/apollo/apollo-16/apollo-16.html,GET,2743,200
ix-esc-ca2-07.ix.netcom.com,1995-08-01 00:00:19,/shuttle/resources/orbiters/discovery.html,GET,6849,200
d0ucr6.fnal.gov,1995-08-01 00:00:20,/history/apollo/apollo-16/apollo-16-patch-small.gif,GET,14897,200
kgtyk4.kj.yamagata-u.ac.jp,1995-08-01 00:00:21,/images/NASA-logosmall.gif,GET,0,304
kgtyk4.kj.yamagata-u.ac.jp,1995-08-01 00:00:21,/images/MOSAIC-logosmall.gif,GET,0,304
kgtyk4.kj.yamagata-u.ac.jp,1995-08-01 00:00:22,/images/USA-logosmall.gif,GET,0,304
kgtyk4.kj.yamagata-u.ac.jp,1995-08-01 00:00:22,/images/WORLD-logosmall.gif,GET,0,304
133.43.96.45,1995-08-01 00:00:22,/images/KSC-logosmall.gif,GET,1204,200
133.43.96.45,1995-08-01 00:00:23,/shuttle/missions/sts-69/sts-69-patch-small.gif,GET,8083,200
133.43.96.45,1995-08-01 00:00:23,/images/launch-logo.gif,GET,1713,200
www-c8.proxy.aol.com,1995-08-01 00:00:24,/shuttle/countdown/,GET,4324,200
133.43.96.45,1995-08-01 00:00:25,/history/apollo/images/apollo-logo1.gif,GET,1173,200
ix-esc-ca2-07.ix.netcom.com,1995-08-01 00:00:25,/shuttle/resources/orbiters/discovery-logo.gif,GET,4179,200
piweba4y.prodigy.com,1995-08-01 00:00:32,/images/NASA-logosmall.gif,GET,786,200
slppp6.intermind.net,1995-08-01 00:00:32,/history/skylab/skylab-1.html,GET,1659,200
ix-esc-ca2-07.ix.netcom.com,1995-08-01 00:00:34,/images/ksclogosmall.gif,GET,3635,200
in24.inetnebr.com,1995-08-01 00:00:34,/shuttle/missions/sts-68/news/sts-68-mcc-06.txt,GET,2303,200
slppp6.intermind.net,1995-08-01 00:00:39,/history/skylab/skylab-logo.gif,GET,3274,200
ix-esc-ca2-07.ix.netcom.com,1995-08-01 00:00:39,/shuttle/resources/orbiters/orbiters-logo.gif,GET,1932,200
uplherc.upl.com,1995-08-01 00:00:43,/shuttle/missions/sts-71/mission-sts-71.html,GET,13450,200
uplherc.upl.com,1995-08-01 00:00:44,/shuttle/missions/sts-71/sts-71-patch-small.gif,GET,12054,200
uplherc.upl.com,1995-08-01 00:00:45,/images/KSC-logosmall.gif,GET,1204,200
uplherc.upl.com,1995-08-01 00:00:45,/history/apollo/images/apollo-logo1.gif,GET,1173,200
uplherc.upl.com,1995-08-01 00:00:45,/images/launch-logo.gif,GET,1713,200
133.43.96.45,1995-08-01 00:00:46,/shuttle/resources/orbiters/endeavour.html,GET,6168,200
piweba4y.prodigy.com,1995-08-01 00:00:47,/images/KSC-logosmall.gif,GET,1204,200
133.43.96.45,1995-08-01 00:00:51,/images/ksclogosmall.gif,GET,3635,200
133.43.96.45,1995-08-01 00:00:51,/shuttle/resources/orbiters/orbiters-logo.gif,GET,1932,200
uplherc.upl.com,1995-08-01 00:00:55,/shuttle/resources/orbiters/atlantis.html,GET,7025,200
uplherc.upl.com,1995-08-01 00:00:56,/shuttle/resources/orbiters/atlantis-logo.gif,GET,4179,200
www-c3.proxy.aol.com,1995-08-01 00:00:57,"/cgi-bin/imagemap/countdown70?285,291",GET,85,302
uplherc.upl.com,1995-08-01 00:00:59,/shuttle/resources/orbiters/orbiters-logo.gif,GET,1932,200
uplherc.upl.com,1995-08-01 00:00:59,/images/ksclogosmall.gif,GET,3635,200
www-c3.proxy.aol.com,1995-08-01 00:00:59,/htbin/cdt_main.pl,GET,3714,200
in24.inetnebr.com,1995-08-01 00:01:02,/shuttle/missions/sts-68/news/sts-68-mcc-07.txt,GET,1437,200
www-c3.proxy.aol.com,1995-08-01 00:01:05,/shuttle/countdown/images/countclock.gif,GET,13994,200
uplherc.upl.com,1995-08-01 00:01:13,/shuttle/resources/orbiters/challenger.html,GET,8089,200
133.68.18.180,1995-08-01 00:01:13,/persons/nasa-cm/jmd-sm.gif,GET,3660,200
piweba4y.prodigy.com,1995-08-01 00:01:14,/images/launchmedium.gif,GET,11853,200
133.68.18.180,1995-08-01 00:01:14,/persons/nasa-cm/tnn-sm.gif,GET,4742,200
133.68.18.180,1995-08-01 00:01:14,/persons/nasa-cm/hec-sm.gif,GET,5410,200
133.68.18.180,1995-08-01 00:01:14,/persons/nasa-cm/mike-sm.gif,GET,4649,200
uplherc.upl.com,1995-08-01 00:01:15,/shuttle/resources/orbiters/challenger-logo.gif,GET,4179,200
133.43.96.45,1995-08-01 00:01:16,/shuttle/resources/orbiters/endeavour-logo.gif,GET,5052,200
uplherc.upl.com,1995-08-01 00:01:17,/history/apollo/apollo-17/apollo-17.html,GET,2732,200
ip-pdx6-54.teleport.com,1995-08-01 00:01:17,/history/history.html,GET,1602,200
uplherc.upl.com,1995-08-01 00:01:18,/history/apollo/apollo-17/apollo-17-patch-small.gif,GET,14977,200
uplherc.upl.com,1995-08-01 00:01:18,/history/apollo/images/footprint-logo.gif,GET,4209,200
www-d3.proxy.aol.com,1995-08-01 00:01:20,/,GET,7280,200
in24.inetnebr.com,1995-08-01 00:01:22,/shuttle/missions/sts-68/news/sts-68-mcc-08.txt,GET,2215,200
www-d3.proxy.aol.com,1995-08-01 00:01:28,/images/ksclogo-medium.gif,GET,5866,200
www-d3.proxy.aol.com,1995-08-01 00:01:28,/images/NASA-logosmall.gif,GET,786,200
www-d3.proxy.aol.com,1995-08-01 00:01:28,/images/MOSAIC-logosmall.gif,GET,363,200
www-d3.proxy.aol.com,1995-08-01 00:01:29,/images/USA-logosmall.gif,GET,234,200
www-d3.proxy.aol.com,1995-08-01 00:01:31,/images/WORLD-logosmall.gif,GET,669,200
piweba4y.prodigy.com,1995-08-01 00:01:32,/history/history.html,GET,1602,200
piweba4y.prodigy.com,1995-08-01 00:01:37,/history/apollo/images/apollo-small.gif,GET,9630,200
uplherc.upl.com,1995-08-01 00:01:38,/shuttle/missions/sts-71/images/images.html,GET,8529,200
133.43.96.45,1995-08-01 00:01:39,/shuttle/missions/sts-72/mission-sts-72.html,GET,3804,200
haraway.ucet.ufl.edu,1995-08-01 00:01:43,/facilities/lc39a.html,GET,7008,200
haraway.ucet.ufl.edu,1995-08-01 00:01:43,/images/lc39a-logo.gif,GET,13116,200
haraway.ucet.ufl.edu,1995-08-01 00:01:44,/images/kscmap-tiny.gif,GET,2537,200
133.68.18.180,1995-08-01 00:01:48,/persons/nasa-cm/jmd.html,GET,4067,200
ip-pdx6-54.teleport.com,1995-08-01 00:01:48,/history/apollo/apollo.html,GET,3260,200
www-c3.proxy.aol.com,1995-08-01 00:01:48,/shuttle/countdown/count.html,GET,73231,200
uplherc.upl.com,1995-08-01 00:01:48,/shuttle/missions/sts-71/images/KSC-95EC-0423.gif,GET,64939,200
133.43.96.45,1995-08-01 00:01:49,/shuttle/missions/sts-72/sts-72-patch-small.gif,GET,4179,200
www-d4.proxy.aol.com,1995-08-01 00:01:49,/images/rollout.gif,GET,258839,200
133.68.18.180,1995-08-01 00:01:49,/persons/nasa-cm/jmd.gif,GET,17866,200
piweba4y.prodigy.com,1995-08-01 00:01:50,/images/KSC-logosmall.gif,GET,1204,200
endeavor.fujitsu.co.jp,1995-08-01 00:01:51,/shuttle/missions/sts-68/ksc-srl-image.html,GET,1404,200
www-d3.proxy.aol.com,1995-08-01 00:01:52,/shuttle/missions/sts-71/mission-sts-71.html,GET,13450,200
in24.inetnebr.com,1995-08-01 00:01:54,/shuttle/missions/sts-68/news/sts-68-mcc-09.txt,GET,2166,200
205.163.36.61,1995-08-01 00:01:55,/shuttle/countdown/countdown.html,GET,4324,200
205.163.36.61,1995-08-01 00:01:57,/shuttle/countdown/count70.gif,GET,0,304
rpgopher.aist.go.jp,1995-08-01 00:01:58,/ksc.html,GET,7280,200
205.163.36.61,1995-08-01 00:02:01,/images/NASA-logosmall.gif,GET,0,304
205.163.36.61,1995-08-01 00:02:01,/images/KSC-logosmall.gif,GET,0,304
139.230.35.135,1995-08-01 00:02:02,/shuttle/missions/sts-49/mission-sts-49.html,GET,9271,200
rpgopher.aist.go.jp,1995-08-01 00:02:02,/images/NASA-logosmall.gif,GET,0,304
ip-pdx6-54.teleport.com,1995-08-01 00:02:03,/history/apollo/apollo-13/apollo-13.html,GET,18556,200
rpgopher.aist.go.jp,1995-08-01 00:02:04,/images/USA-logosmall.gif,GET,0,304
rpgopher.aist.go.jp,1995-08-01 00:02:04,/images/ksclogo-medium.gif,GET,0,304
piweba4y.prodigy.com,1995-08-01 00:02:04,/history/apollo/apollo.html,GET,3260,200
rpgopher.aist.go.jp,1995-08-01 00:02:04,/images/MOSAIC-logosmall.gif,GET,0,304
www-d3.proxy.aol.com,1995-08-01 00:02:04,/images/KSC-logosmall.gif,GET,1204,200
www-d3.proxy.aol.com,1995-08-01 00:02:05,/history/apollo/images/apollo-logo1.gif,GET,1173,200
haraway.ucet.ufl.edu,1995-08-01 00:02:05,/images/rss.gif,GET,283389,200
www-d3.proxy.aol.com,1995-08-01 00:02:05,/shuttle/missions/sts-71/sts-71-patch-small.gif,GET,12054,200
rpgopher.aist.go.jp,1995-08-01 00:02:05,/images/WORLD-logosmall.gif,GET,0,304
205.163.36.61,1995-08-01 00:02:10,"/cgi-bin/imagemap/countdown70?342,281",GET,98,302
uplherc.upl.com,1995-08-01 00:02:11,/shuttle/missions/sts-71/images/KSC-95EC-0589.gif,GET,45846,200
piweba4y.prodigy.com,1995-08-01 00:02:12,/history/apollo/images/footprint-small.gif,GET,18149,200
piweba1y.prodigy.com,1995-08-01 00:02:13,/,GET,7280,200
165.213.131.21,1995-08-01 00:02:15,/procurement/procurement.html,GET,3646,200
205.163.36.61,1995-08-01 00:02:15,/shuttle/countdown/liftoff.html,GET,0,304
haraway.ucet.ufl.edu,1995-08-01 00:02:20,/facilities/mlp.html,GET,2653,200
haraway.ucet.ufl.edu,1995-08-01 00:02:21,/images/mlp-logo.gif,GET,28426,200
rpgopher.aist.go.jp,1995-08-01 00:02:27,/shuttle/countdown/,GET,4324,200
rpgopher.aist.go.jp,1995-08-01 00:02:30,/shuttle/countdown/count70.gif,GET,0,304
rpgopher.aist.go.jp,1995-08-01 00:02:30,/images/KSC-logosmall.gif,GET,0,304
slppp6.intermind.net,1995-08-01 00:02:30,/history/skylab/skylab-2.html,GET,1478,200
in24.inetnebr.com,1995-08-01 00:02:32,/shuttle/missions/sts-68/news/sts-68-mcc-10.txt,GET,1712,200
piweba1y.prodigy.com,1995-08-01 00:02:33,/images/ksclogo-medium.gif,GET,5866,200
205.163.36.61,1995-08-01 00:02:36,/shuttle/countdown/video/livevideo2.gif,GET,71319,200
rpgopher.aist.go.jp,1995-08-01 00:02:45,"/cgi-bin/imagemap/countdown70?181,275",GET,110,302
rpgopher.aist.go.jp,1995-08-01 00:02:47,/shuttle/missions/sts-70/movies/movies.html,GET,2979,200
rpgopher.aist.go.jp,1995-08-01 00:02:50,/shuttle/missions/sts-70/sts-70-patch-small.gif,GET,0,304
piweba1y.prodigy.com,1995-08-01 00:02:50,/images/NASA-logosmall.gif,GET,0,304
www-d3.proxy.aol.com,1995-08-01 00:02:54,/shuttle/countdown/,GET,4324,200
in24.inetnebr.com,1995-08-01 00:02:57,/shuttle/missions/sts-68/news/sts-68-mcc-11.txt,GET,2187,200
piweba4y.prodigy.com,1995-08-01 00:03:00,/images/KSC-logosmall.gif,GET,1204,200
piweba4y.prodigy.com,1995-08-01 00:03:11,/history/apollo/images/apollo-logo1.gif,GET,1173,200
haraway.ucet.ufl.edu,1995-08-01 00:03:12,/shuttle/missions/sts-70/o-ring-problem.gif,GET,16197,200
rpgopher.aist.go.jp,1995-08-01 00:03:14,/shuttle/missions/sts-70/movies/woodpecker.mpg,GET,190269,200
piweba1y.prodigy.com,1995-08-01 00:03:22,/history/history.html,GET,1602,200
133.43.96.45,1995-08-01 00:03:28,/shuttle/resources/orbiters/endeavour.gif,GET,16991,200
in24.inetnebr.com,1995-08-01 00:03:28,/shuttle/missions/sts-68/news/sts-68-mcc-12.txt,GET,1881,200
www-c6.proxy.aol.com,1995-08-01 00:03:28,/shuttle/missions/sts-68/sts-68-patch-small.gif,GET,17459,200
piweba1y.prodigy.com,1995-08-01 00:03:29,/history/apollo/images/apollo-small.gif,GET,0,304
165.213.131.21,1995-08-01 00:03:32,/images/op-logo-small.gif,GET,14915,200
gw1.att.com,1995-08-01 00:03:33,/shuttle/missions/sts-73/mission-sts-73.html,GET,0,304
gw1.att.com,1995-08-01 00:03:36,/images/launch-logo.gif,GET,0,304
gw1.att.com,1995-08-01 00:03:36,/history/apollo/images/apollo-logo1.gif,GET,0,304
gw1.att.com,1995-08-01 00:03:37,/images/KSC-logosmall.gif,GET,0,304
gw1.att.com,1995-08-01 00:03:37,/shuttle/missions/sts-73/sts-73-patch-small.gif,GET,0,304
uplherc.upl.com,1995-08-01 00:03:37,/shuttle/missions/sts-71/images/KSC-95EC-0911.gif,GET,31242,200
haraway.ucet.ufl.edu,1995-08-01 00:03:39,/shuttle/missions/sts-71/mission-sts-71.html,GET,13450,200
haraway.ucet.ufl.edu,1995-08-01 00:03:39,/shuttle/missions/sts-71/sts-71-patch-small.gif,GET,12054,200
piweba1y.prodigy.com,1995-08-01 00:03:41,/images/NASA-logosmall.gif,GET,0,304
piweba4y.prodigy.com,1995-08-01 00:03:43,/history/apollo/images/footprint-small.gif,GET,18149,200
piweba1y.prodigy.com,1995-08-01 00:03:45,/images/KSC-logosmall.gif,GET,1204,200
ai.asu.edu,1995-08-01 00:03:45,/,GET,7280,200
haraway.ucet.ufl.edu,1995-08-01 00:03:47,/shuttle/technology/sts-newsref/sts_asm.html,GET,71654,200
haraway.ucet.ufl.edu,1995-08-01 00:03:48,/shuttle/technology/images/srb_mod_compare_6-small.gif,GET,28219,200
haraway.ucet.ufl.edu,1995-08-01 00:03:48,/shuttle/technology/images/srb_mod_compare_1-small.gif,GET,36902,200
haraway.ucet.ufl.edu,1995-08-01 00:03:48,/images/shuttle-patch-logo.gif,GET,891,200
haraway.ucet.ufl.edu,1995-08-01 00:03:49,/shuttle/technology/images/srb_mod_compare_3-small.gif,GET,55666,200
in24.inetnebr.com,1995-08-01 00:03:51,/shuttle/missions/sts-68/news/sts-68-mcc-13.txt,GET,1909,200
ai.asu.edu,1995-08-01 00:03:52,/facts/facts.html,GET,4722,200
rpgopher.aist.go.jp,1995-08-01 00:03:53,/shuttle/missions/sts-70/movies/sts-70-crew-suitup.mpg,GET,90112,200
gw1.att.com,1995-08-01 00:03:53,/shuttle/missions/sts-73/news,GET,0,302
gw1.att.com,1995-08-01 00:03:54,/shuttle/missions/sts-73/news/,GET,519,200
ai.asu.edu,1995-08-01 00:03:55,/facts/faq01.html,GET,19320,200
gw1.att.com,1995-08-01 00:03:56,/icons/menu.xbm,GET,0,304
gw1.att.com,1995-08-01 00:03:56,/icons/text.xbm,GET,0,304
gw1.att.com,1995-08-01 00:03:56,/icons/blank.xbm,GET,0,304
async59.ts-p-caps.caps.maine.edu,1995-08-01 00:04:02,/software/winvn/winvn.html,GET,9866,200
rpgopher.aist.go.jp,1995-08-01 00:04:05,"/cgi-bin/imagemap/countdown70?51,156",GET,111,302
rpgopher.aist.go.jp,1995-08-01 00:04:06,/shuttle/missions/sts-70/mission-sts-70.html,GET,20224,200
www-d3.proxy.aol.com,1995-08-01 00:04:07,/shuttle/missions/sts-71/movies/movies.html,GET,3381,200
pm9.j51.com,1995-08-01 00:04:08,/facilities/lc39a.html,GET,7008,200
piweba3y.prodigy.com,1995-08-01 00:04:08,/,GET,7280,200
async59.ts-p-caps.caps.maine.edu,1995-08-01 00:04:10,/software/winvn/winvn.gif,GET,25218,200
pm9.j51.com,1995-08-01 00:04:11,/images/lc39a-logo.gif,GET,13116,200
rpgopher.aist.go.jp,1995-08-01 00:04:13,/images/launch-logo.gif,GET,0,304
rpgopher.aist.go.jp,1995-08-01 00:04:13,/history/apollo/images/apollo-logo1.gif,GET,0,304
pm9.j51.com,1995-08-01 00:04:14,/images/kscmap-tiny.gif,GET,2537,200
rpgopher.aist.go.jp,1995-08-01 00:04:14,/shuttle/resources/orbiters/discovery.html,GET,6849,200
rpgopher.aist.go.jp,1995-08-01 00:04:17,/shuttle/resources/orbiters/discovery-logo.gif,GET,4179,200
rpgopher.aist.go.jp,1995-08-01 00:04:17,/images/ksclogosmall.gif,GET,3635,200
async59.ts-p-caps.caps.maine.edu,1995-08-01 00:04:18,/images/construct.gif,GET,1414,200
rpgopher.aist.go.jp,1995-08-01 00:04:18,/shuttle/resources/orbiters/orbiters-logo.gif,GET,1932,200
in24.inetnebr.com,1995-08-01 00:04:19,/shuttle/missions/sts-68/news/sts-68-mcc-14.txt,GET,1418,200
async59.ts-p-caps.caps.maine.edu,1995-08-01 00:04:20,/software/winvn/bluemarb.gif,GET,4441,200
uplherc.upl.com,1995-08-01 00:04:21,/shuttle/missions/sts-71/images/KSC-95EC-0908.jpg,GET,54279,200
piweba3y.prodigy.com,1995-08-01 00:04:22,/images/ksclogo-medium.gif,GET,5866,200
piweba1y.prodigy.com,1995-08-01 00:04:22,/history/apollo/images/apollo.gif,GET,28847,200
rpgopher.aist.go.jp,1995-08-01 00:04:25,/shuttle/resources/orbiters/endeavour.html,GET,6168,200
rpgopher.aist.go.jp,1995-08-01 00:04:28,/shuttle/resources/orbiters/endeavour-logo.gif,GET,5052,200
haraway.ucet.ufl.edu,1995-08-01 00:04:29,/ksc.html,GET,7280,200
haraway.ucet.ufl.edu,1995-08-01 00:04:30,/images/ksclogo-medium.gif,GET,5866,200
haraway.ucet.ufl.edu,1995-08-01 00:04:30,/images/NASA-logosmall.gif,GET,786,200
haraway.ucet.ufl.edu,1995-08-01 00:04:30,/images/MOSAIC-logosmall.gif,GET,363,200
haraway.ucet.ufl.edu,1995-08-01 00:04:30,/images/USA-logosmall.gif,GET,234,200
haraway.ucet.ufl.edu,1995-08-01 00:04:31,/images/WORLD-logosmall.gif,GET,669,200
async59.ts-p-caps.caps.maine.edu,1995-08-01 00:04:32,/software/winvn/wvsmall.gif,GET,13372,200
piweba3y.prodigy.com,1995-08-01 00:04:37,/images/NASA-logosmall.gif,GET,786,200
haraway.ucet.ufl.edu,1995-08-01 00:04:42,/shuttle/countdown/,GET,4324,200
haraway.ucet.ufl.edu,1995-08-01 00:04:43,/shuttle/countdown/count70.gif,GET,46573,200
133.43.96.45,1995-08-01 00:04:43,/shuttle/missions/sts-49/mission-sts-49.html,GET,9271,200
async59.ts-p-caps.caps.maine.edu,1995-08-01 00:04:46,/images/KSC-logosmall.gif,GET,1204,200
haraway.ucet.ufl.edu,1995-08-01 00:04:47,"/cgi-bin/imagemap/countdown70?199,165",GET,97,302
rpgopher.aist.go.jp,1995-08-01 00:04:47,"/cgi-bin/imagemap/countdown70?54,211",GET,110,302
haraway.ucet.ufl.edu,1995-08-01 00:04:47,/shuttle/countdown/lps/fr.html,GET,1879,200
haraway.ucet.ufl.edu,1995-08-01 00:04:48,/shuttle/countdown/lps/back.gif,GET,1289,200
haraway.ucet.ufl.edu,1995-08-01 00:04:48,/shuttle/countdown/lps/fr.gif,GET,30232,200
rpgopher.aist.go.jp,1995-08-01 00:04:49,/shuttle/missions/sts-70/images/images.html,GET,8657,200
piweba3y.prodigy.com,1995-08-01 00:04:49,/images/MOSAIC-logosmall.gif,GET,363,200
async59.ts-p-caps.caps.maine.edu,1995-08-01 00:04:50,/images/MOSAIC-logosmall.gif,GET,363,200
piweba3y.prodigy.com,1995-08-01 00:04:51,/images/USA-logosmall.gif,GET,234,200
async59.ts-p-caps.caps.maine.edu,1995-08-01 00:04:53,/images/USA-logosmall.gif,GET,234,200
piweba4y.prodigy.com,1995-08-01 00:04:53,/history/apollo/apollo-13/apollo-13.html,GET,18556,200
ppp8.montrealnet.ca,1995-08-01 00:04:53,/shuttle/missions/missions.html,GET,8677,200
133.43.96.45,1995-08-01 00:04:54,/shuttle/missions/sts-49/sts-49-patch-small.gif,GET,11628,200
haraway.ucet.ufl.edu,1995-08-01 00:04:55,"/cgi-bin/imagemap/fr?264,412",GET,91,302
haraway.ucet.ufl.edu,1995-08-01 00:04:55,/shuttle/countdown/lps/bkup-intg/bkup-intg.html,GET,4167,200
ppp8.montrealnet.ca,1995-08-01 00:04:56,/images/launchmedium.gif,GET,11853,200
haraway.ucet.ufl.edu,1995-08-01 00:04:56,/shuttle/countdown/lps/images/BKUP-INT.gif,GET,9467,200
async59.ts-p-caps.caps.maine.edu,1995-08-01 00:04:56,/images/WORLD-logosmall.gif,GET,669,200
uplherc.upl.com,1995-08-01 00:04:57,/shuttle/missions/sts-71/images/KSC-95EC-0873.jpg,GET,75147,200
134.50.205.24,1995-08-01 00:04:57,/shuttle/missions/100th.html,GET,32303,200
piweba3y.prodigy.com,1995-08-01 00:04:58,/images/WORLD-logosmall.gif,GET,669,200
ppp8.montrealnet.ca,1995-08-01 00:05:01,/images/KSC-logosmall.gif,GET,1204,200
rpgopher.aist.go.jp,1995-08-01 00:05:03,/shuttle/missions/sts-70/images/KSC-95EC-0575.gif,GET,61570,200
ppp8.montrealnet.ca,1995-08-01 00:05:07,/images/NASA-logosmall.gif,GET,786,200
piweba3y.prodigy.com,1995-08-01 00:05:08,/images/ksclogo-medium.gif,GET,5866,200
slip4086.sirius.com,1995-08-01 00:05:10,/software/winvn/winvn.html,GET,9866,200
slip4086.sirius.com,1995-08-01 00:05:12,/images/construct.gif,GET,1414,200
slip4086.sirius.com,1995-08-01 00:05:12,/software/winvn/bluemarb.gif,GET,4441,200
133.43.96.45,1995-08-01 00:05:14,/shuttle/missions/sts-57/mission-sts-57.html,GET,11508,200
slip4086.sirius.com,1995-08-01 00:05:15,/software/winvn/wvsmall.gif,GET,13372,200
ppp8.montrealnet.ca,1995-08-01 00:05:16,/shuttle/missions/sts-70/mission-sts-70.html,GET,20224,200
slip4086.sirius.com,1995-08-01 00:05:18,/images/MOSAIC-logosmall.gif,GET,363,200
slip4086.sirius.com,1995-08-01 00:05:18,/software/winvn/winvn.gif,GET,25218,200
slip4086.sirius.com,1995-08-01 00:05:18,/images/KSC-logosmall.gif,GET,1204,200
ppp8.montrealnet.ca,1995-08-01 00:05:19,/shuttle/missions/sts-70/sts-70-patch-small.gif,GET,5978,200
133.43.96.45,1995-08-01 00:05:20,/shuttle/missions/sts-57/sts-57-patch-small.gif,GET,11988,200
village.islandnet.com,1995-08-01 00:05:21,/shuttle/missions/sts-68/images/ksc-upclose.gif,GET,86984,200
slip4086.sirius.com,1995-08-01 00:05:22,/images/USA-logosmall.gif,GET,234,200
slip4086.sirius.com,1995-08-01 00:05:23,/images/WORLD-logosmall.gif,GET,669,200
204.248.155.42,1995-08-01 00:05:30,/images/,GET,17688,200
haraway.ucet.ufl.edu,1995-08-01 00:05:30,/shuttle/missions/sts-71/movies/movies.html,GET,3381,200
uplherc.upl.com,1995-08-01 00:05:32,/shuttle/missions/sts-71/images/KSC-95EC-0948.jpg,GET,92477,200
204.248.155.42,1995-08-01 00:05:32,/icons/menu.xbm,GET,527,200
204.248.155.42,1995-08-01 00:05:32,/icons/image.xbm,GET,509,200
piweba3y.prodigy.com,1995-08-01 00:05:32,/shuttle/missions/sts-71/images/images.html,GET,8529,200
204.248.155.42,1995-08-01 00:05:35,/icons/blank.xbm,GET,509,200
piweba4y.prodigy.com,1995-08-01 00:05:35,/history/apollo/apollo-13/apollo-13-patch-small.gif,GET,12859,200
js002.cc.utsunomiya-u.ac.jp,1995-08-01 00:05:35,/shuttle/missions/sts-70/mission-sts-70.html,GET,20224,200
ppp8.montrealnet.ca,1995-08-01 00:05:36,/images/launch-logo.gif,GET,1713,200
ppp8.montrealnet.ca,1995-08-01 00:05:36,/history/apollo/images/apollo-logo1.gif,GET,1173,200
van10271.direct.ca,1995-08-01 00:05:49,/software/winvn/winvn.html,GET,9866,200
133.43.96.45,1995-08-01 00:05:51,/shuttle/missions/sts-57/mission-sts-57.html,GET,11508,200
van10271.direct.ca,1995-08-01 00:05:51,/software/winvn/winvn.gif,GET,25218,200
van10271.direct.ca,1995-08-01 00:05:51,/images/construct.gif,GET,1414,200
van10271.direct.ca,1995-08-01 00:05:51,/software/winvn/bluemarb.gif,GET,4441,200
js002.cc.utsunomiya-u.ac.jp,1995-08-01 00:05:52,/shuttle/missions/sts-70/sts-70-patch-small.gif,GET,5978,200
134.h-pm2.vgs3.westel.com,1995-08-01 00:05:53,/software/winvn/winvn.html,GET,9866,200
134.h-pm2.vgs3.westel.com,1995-08-01 00:05:55,/software/winvn/winvn.gif,GET,25218,200
134.h-pm2.vgs3.westel.com,1995-08-01 00:05:55,/software/winvn/bluemarb.gif,GET,4441,200
134.h-pm2.vgs3.westel.com,1995-08-01 00:05:55,/images/construct.gif,GET,1414,200
ix-dfw12-08.ix.netcom.com,1995-08-01 00:05:55,/software/winvn/userguide/wvnguide.html,GET,5998,200
134.h-pm2.vgs3.westel.com,1995-08-01 00:05:57,/software/winvn/wvsmall.gif,GET,13372,200
ix-dfw12-08.ix.netcom.com,1995-08-01 00:05:57,/software/winvn/userguide/wvnguide.gif,GET,4151,200
haraway.ucet.ufl.edu,1995-08-01 00:05:58,/shuttle/missions/sts-71/movies/sts-71-tcdt-crew-walkout.mpg,GET,887988,200
van10271.direct.ca,1995-08-01 00:06:00,/software/winvn/wvsmall.gif,GET,13372,200
133.43.96.45,1995-08-01 00:06:00,/facilities/lc39a.html,GET,7008,200
ix-dfw12-08.ix.netcom.com,1995-08-01 00:06:02,/software/winvn/userguide/winvnsm.gif,GET,3293,200
van10271.direct.ca,1995-08-01 00:06:05,/images/KSC-logosmall.gif,GET,1204,200
sutnbgw1.ed.noda.sut.ac.jp,1995-08-01 00:06:05,/ksc.html,GET,7280,200
van10271.direct.ca,1995-08-01 00:06:08,/images/MOSAIC-logosmall.gif,GET,363,200
van10271.direct.ca,1995-08-01 00:06:10,/images/USA-logosmall.gif,GET,234,200
133.43.96.45,1995-08-01 00:06:10,/images/lc39a-logo.gif,GET,13116,200
van15422.direct.ca,1995-08-01 00:06:11,/software/winvn/winvn.html,GET,9866,200
in24.inetnebr.com,1995-08-01 00:06:11,/shuttle/missions/sts-68/news/sts-68-mcc-15.txt,GET,1588,200
van10271.direct.ca,1995-08-01 00:06:12,/images/WORLD-logosmall.gif,GET,669,200
134.h-pm2.vgs3.westel.com,1995-08-01 00:06:12,/images/KSC-logosmall.gif,GET,1204,200
134.h-pm2.vgs3.westel.com,1995-08-01 00:06:12,/images/MOSAIC-logosmall.gif,GET,363,200
134.h-pm2.vgs3.westel.com,1995-08-01 00:06:17,/images/USA-logosmall.gif,GET,234,200
piweba1y.prodigy.com,1995-08-01 00:06:17,/history/gemini/gemini.html,GET,2522,200
www-d3.proxy.aol.com,1995-08-01 00:06:17,/shuttle/missions/sts-71/movies/sts-71-mir-dock-2.mpg,GET,835394,200
ix-dfw12-08.ix.netcom.com,1995-08-01 00:06:20,/software/winvn/winvn.html,GET,9866,200
ix-dfw12-08.ix.netcom.com,1995-08-01 00:06:21,/software/winvn/winvn.gif,GET,25218,200
ix-dfw12-08.ix.netcom.com,1995-08-01 00:06:21,/images/construct.gif,GET,1414,200
ix-dfw12-08.ix.netcom.com,1995-08-01 00:06:21,/software/winvn/bluemarb.gif,GET,4441,200
134.h-pm2.vgs3.westel.com,1995-08-01 00:06:21,/images/WORLD-logosmall.gif,GET,669,200
piweba4y.prodigy.com,1995-08-01 00:06:24,/images/ksclogosmall.gif,GET,3635,200
js002.cc.utsunomiya-u.ac.jp,1995-08-01 00:06:25,/shuttle/resources/orbiters/discovery.html,GET,6849,200
ad06-061.compuserve.com,1995-08-01 00:06:28,/history/apollo/apollo-13/apollo-13.html,GET,18556,200
ix-dfw12-08.ix.netcom.com,1995-08-01 00:06:28,/software/winvn/wvsmall.gif,GET,13372,200
js002.cc.utsunomiya-u.ac.jp,1995-08-01 00:06:33,/shuttle/resources/orbiters/discovery-logo.gif,GET,4179,200
ix-dfw12-08.ix.netcom.com,1995-08-01 00:06:34,/images/KSC-logosmall.gif,GET,1204,200
ix-dfw12-08.ix.netcom.com,1995-08-01 00:06:34,/images/MOSAIC-logosmall.gif,GET,363,200
haraway.ucet.ufl.edu,1995-08-01 00:06:35,/shuttle/missions/sts-71/movies/sts-71-rollover.mpg,GET,569688,200
piweba4y.prodigy.com,1995-08-01 00:06:38,/history/apollo/images/footprint-logo.gif,GET,4209,200
133.43.96.45,1995-08-01 00:06:38,/images/kscmap-tiny.gif,GET,2537,200
js002.cc.utsunomiya-u.ac.jp,1995-08-01 00:06:39,/shuttle/resources/orbiters/orbiters-logo.gif,GET,1932,200
piweba1y.prodigy.com,1995-08-01 00:06:39,/history/apollo/apollo.html,GET,3260,200
ix-dfw12-08.ix.netcom.com,1995-08-01 00:06:39,/images/USA-logosmall.gif,GET,234,200
van15422.direct.ca,1995-08-01 00:06:40,/software/winvn/winvn.gif,GET,25218,200
ix-dfw12-08.ix.netcom.com,1995-08-01 00:06:41,/images/WORLD-logosmall.gif,GET,669,200
pm9.j51.com,1995-08-01 00:06:47,/images/dual-pad.gif,GET,141308,200
ad11-061.compuserve.com,1995-08-01 00:06:50,/,GET,7280,200
piweba1y.prodigy.com,1995-08-01 00:06:51,/history/apollo/images/footprint-small.gif,GET,18149,200
ad11-061.compuserve.com,1995-08-01 00:06:52,/images/ksclogo-medium.gif,GET,5866,200
uplherc.upl.com,1995-08-01 00:06:52,/shuttle/missions/sts-68/ksc-srl-image.html,GET,1404,200
uplherc.upl.com,1995-08-01 00:06:58,/shuttle/missions/sts-68/images/ksc-upclose.gif,GET,86984,200
ad11-061.compuserve.com,1995-08-01 00:06:59,/images/NASA-logosmall.gif,GET,786,200
ad11-061.compuserve.com,1995-08-01 00:06:59,/images/MOSAIC-logosmall.gif,GET,363,200
ad11-061.compuserve.com,1995-08-01 00:06:59,/images/USA-logosmall.gif,GET,234,200
ad11-061.compuserve.com,1995-08-01 00:07:00,/images/WORLD-logosmall.gif,GET,669,200
piweba4y.prodigy.com,1995-08-01 00:07:03,/history/apollo/apollo-13/apollo-13-patch-small.gif,GET,12859,200
www-c3.proxy.aol.com,1995-08-01 00:07:05,/images/,GET,17688,200
piweba1y.prodigy.com,1995-08-01 00:07:06,/history/apollo/images/apollo-logo1.gif,GET,1173,200
uplherc.upl.com,1995-08-01 00:07:07,/shuttle/missions/sts-68/images/ksc.gif,GET,152676,200
van15422.direct.ca,1995-08-01 00:07:08,/images/construct.gif,GET,1414,200
van15422.direct.ca,1995-08-01 00:07:11,/software/winvn/bluemarb.gif,GET,4441,200
ad11-061.compuserve.com,1995-08-01 00:07:13,/shuttle/countdown/,GET,4324,200
ad11-061.compuserve.com,1995-08-01 00:07:18,/images/KSC-logosmall.gif,GET,1204,200
van15422.direct.ca,1995-08-01 00:07:23,/software/winvn/wvsmall.gif,GET,13372,200
ad11-061.compuserve.com,1995-08-01 00:07:24,/shuttle/countdown/count70.gif,GET,46573,200
uplherc.upl.com,1995-08-01 00:07:31,/shuttle/missions/sts-66/sts-66-patch-small.gif,GET,20271,200
pm9.j51.com,1995-08-01 00:07:33,/facilities/mlp.html,GET,2653,200
js002.cc.utsunomiya-u.ac.jp,1995-08-01 00:07:33,/shuttle/resources/orbiters/discovery.gif,GET,0,404
piweba4y.prodigy.com,1995-08-01 00:07:35,/images/ksclogosmall.gif,GET,3635,200
pm9.j51.com,1995-08-01 00:07:35,/images/mlp-logo.gif,GET,28426,200
piweba1y.prodigy.com,1995-08-01 00:07:36,/history/apollo/apollo-13/apollo-13.html,GET,18556,200
uplherc.upl.com,1995-08-01 00:07:40,/shuttle/missions/sts-66/mission-sts-66.html,GET,174452,200
js002.cc.utsunomiya-u.ac.jp,1995-08-01 00:07:44,/shuttle/resources/orbiters/endeavour.html,GET,6168,200
ad06-061.compuserve.com,1995-08-01 00:07:44,/history/apollo/apollo-13/apollo-13-patch-small.gif,GET,12859,200
139.230.35.135,1995-08-01 00:07:44,/shuttle/countdown/,GET,4324,200
piweba3y.prodigy.com,1995-08-01 00:07:44,/images/ksclogo-medium.gif,GET,5866,200
in24.inetnebr.com,1995-08-01 00:07:47,/shuttle/missions/sts-68/news/sts-68-mcc-16.txt,GET,1365,200
piweba4y.prodigy.com,1995-08-01 00:07:53,/history/apollo/images/footprint-logo.gif,GET,4209,200
ad06-061.compuserve.com,1995-08-01 00:07:55,/images/ksclogosmall.gif,GET,3635,200
js002.cc.utsunomiya-u.ac.jp,1995-08-01 00:07:55,/shuttle/resources/orbiters/endeavour-logo.gif,GET,5052,200
ip-pdx6-54.teleport.com,1995-08-01 00:07:58,/history/apollo/images/footprint-small.gif,GET,18149,200
ip-pdx6-54.teleport.com,1995-08-01 00:07:59,/history/apollo/apollo-13/apollo-13-patch-small.gif,GET,12859,200
ip-pdx6-54.teleport.com,1995-08-01 00:08:01,/history/apollo/images/footprint-small.gif,GET,18149,200
piweba3y.prodigy.com,1995-08-01 00:08:01,/shuttle/missions/sts-71/mission-sts-71.html,GET,13450,200
ad06-061.compuserve.com,1995-08-01 00:08:07,/history/apollo/images/footprint-logo.gif,GET,4209,200
in24.inetnebr.com,1995-08-01 00:08:20,/shuttle/missions/sts-68/news/sts-68-mcc-17.txt,GET,2064,200
piweba3y.prodigy.com,1995-08-01 00:08:21,/shuttle/missions/sts-71/sts-71-patch-small.gif,GET,12054,200
piweba1y.prodigy.com,1995-08-01 00:08:29,/history/apollo/apollo-13/apollo-13-patch-small.gif,GET,12859,200
slip-4-12.ots.utexas.edu,1995-08-01 00:08:29,/history/gemini/gemini.html,GET,2522,200
piweba3y.prodigy.com,1995-08-01 00:08:29,/images/KSC-logosmall.gif,GET,1204,200
slip-4-12.ots.utexas.edu,1995-08-01 00:08:31,/images/gemini-logo.gif,GET,4452,200
slip-4-12.ots.utexas.edu,1995-08-01 00:08:32,/history/apollo/images/apollo-logo.gif,GET,3047,200
slip-4-12.ots.utexas.edu,1995-08-01 00:08:34,/images/ksclogosmall.gif,GET,3635,200
pm9.j51.com,1995-08-01 00:08:39,/ksc.html,GET,7280,200
uplherc.upl.com,1995-08-01 00:08:40,/shuttle/missions/sts-63/sts-63-patch-small.gif,GET,16102,200
uplherc.upl.com,1995-08-01 00:08:41,/shuttle/missions/sts-63/mission-sts-63.html,GET,53507,200
pm9.j51.com,1995-08-01 00:08:41,/images/ksclogo-medium.gif,GET,5866,200
piweba3y.prodigy.com,1995-08-01 00:08:42,/images/launch-logo.gif,GET,1713,200
ad11-061.compuserve.com,1995-08-01 00:08:42,"/cgi-bin/imagemap/countdown70?183,288",GET,110,302
pm9.j51.com,1995-08-01 00:08:45,/images/USA-logosmall.gif,GET,234,200
uplherc.upl.com,1995-08-01 00:08:46,/shuttle/resources/orbiters/discovery.html,GET,6849,200
ad11-061.compuserve.com,1995-08-01 00:08:46,/shuttle/missions/sts-70/movies/movies.html,GET,2979,200
uplherc.upl.com,1995-08-01 00:08:47,/shuttle/resources/orbiters/discovery-logo.gif,GET,4179,200
pm9.j51.com,1995-08-01 00:08:47,/images/NASA-logosmall.gif,GET,786,200
139.230.35.135,1995-08-01 00:08:47,/shuttle/countdown/,GET,0,304
piweba1y.prodigy.com,1995-08-01 00:08:47,/history/apollo/images/footprint-logo.gif,GET,4209,200
piweba3y.prodigy.com,1995-08-01 00:08:48,/history/apollo/images/apollo-logo1.gif,GET,1173,200
pm9.j51.com,1995-08-01 00:08:48,/images/MOSAIC-logosmall.gif,GET,363,200
ad11-061.compuserve.com,1995-08-01 00:08:49,/shuttle/missions/sts-70/sts-70-patch-small.gif,GET,5978,200
139.230.35.135,1995-08-01 00:08:50,/images/KSC-logosmall.gif,GET,1204,200
piweba4y.prodigy.com,1995-08-01 00:08:50,/history/apollo/images/footprint-logo.gif,GET,4209,200
uplherc.upl.com,1995-08-01 00:08:51,/shuttle/resources/orbiters/endeavour.html,GET,6168,200
uplherc.upl.com,1995-08-01 00:08:52,/shuttle/resources/orbiters/endeavour-logo.gif,GET,5052,200
pm9.j51.com,1995-08-01 00:08:52,/images/WORLD-logosmall.gif,GET,669,200
139.230.35.135,1995-08-01 00:08:52,/images/NASA-logosmall.gif,GET,786,200
uplherc.upl.com,1995-08-01 00:09:23,/shuttle/missions/sts-63/sts-63-patch.jpg,GET,122880,200
js002.cc.utsunomiya-u.ac.jp,1995-08-01 00:09:34,/shuttle/resources/orbiters/endeavour.gif,GET,16991,200
piweba1y.prodigy.com,1995-08-01 00:09:40,/history/apollo/images/footprint-logo.gif,GET,4209,200
in24.inetnebr.com,1995-08-01 00:09:41,/shuttle/missions/sts-68/news/sts-68-mcc-18.txt,GET,871,200
uplherc.upl.com,1995-08-01 00:09:44,/shuttle/missions/sts-70/mission-sts-70.html,GET,20224,200
uplherc.upl.com,1995-08-01 00:09:45,/shuttle/missions/sts-70/sts-70-patch-small.gif,GET,5978,200
slip-4-12.ots.utexas.edu,1995-08-01 00:09:50,/history/gemini/movies/gemini-launch.mpg,GET,104987,200
uplherc.upl.com,1995-08-01 00:09:55,/facilities/lc39a.html,GET,7008,200
uplherc.upl.com,1995-08-01 00:09:56,/images/lc39a-logo.gif,GET,13116,200
uplherc.upl.com,1995-08-01 00:09:57,/images/kscmap-tiny.gif,GET,2537,200
piweba3y.prodigy.com,1995-08-01 00:10:22,/shuttle/missions/sts-71/images/index71.gif,GET,337360,200
www-b5.proxy.aol.com,1995-08-01 00:10:23,/,GET,7280,200
dd09-012.compuserve.com,1995-08-01 00:10:26,/,GET,7280,200
uplherc.upl.com,1995-08-01 00:10:28,/images/rss.gif,GET,283389,200
rainbow.mts.chiba-u.ac.jp,1995-08-01 00:10:34,/,GET,7280,200
rainbow.mts.chiba-u.ac.jp,1995-08-01 00:10:40,/images/ksclogo-medium.gif,GET,5866,200
rainbow.mts.chiba-u.ac.jp,1995-08-01 00:10:46,/images/NASA-logosmall.gif,GET,786,200
rainbow.mts.chiba-u.ac.jp,1995-08-01 00:10:48,/images/MOSAIC-logosmall.gif,GET,363,200
rainbow.mts.chiba-u.ac.jp,1995-08-01 00:10:49,/images/USA-logosmall.gif,GET,234,200
rainbow.mts.chiba-u.ac.jp,1995-08-01 00:10:49,/images/WORLD-logosmall.gif,GET,669,200
www-b5.proxy.aol.com,1995-08-01 00:10:50,/history/history.html,GET,1602,200
143.158.26.50,1995-08-01 00:10:53,/,GET,7280,200
www-b5.proxy.aol.com,1995-08-01 00:10:55,/images/KSC-logosmall.gif,GET,1204,200
143.158.26.50,1995-08-01 00:10:55,/images/ksclogo-medium.gif,GET,5866,200
www-b5.proxy.aol.com,1995-08-01 00:10:55,/history/apollo/images/apollo-small.gif,GET,9630,200
143.158.26.50,1995-08-01 00:11:02,/images/NASA-logosmall.gif,GET,786,200
www-b5.proxy.aol.com,1995-08-01 00:11:05,/history/apollo/apollo.html,GET,3260,200
143.158.26.50,1995-08-01 00:11:06,/images/MOSAIC-logosmall.gif,GET,0,200
dd09-012.compuserve.com,1995-08-01 00:11:06,/images/ksclogo-medium.gif,GET,5866,200
www-b5.proxy.aol.com,1995-08-01 00:11:11,/history/apollo/images/footprint-small.gif,GET,18149,200
www-b5.proxy.aol.com,1995-08-01 00:11:11,/history/apollo/images/apollo-logo1.gif,GET,1173,200
dd09-012.compuserve.com,1995-08-01 00:11:13,/images/NASA-logosmall.gif,GET,786,200
dd09-012.compuserve.com,1995-08-01 00:11:15,/images/MOSAIC-logosmall.gif,GET,363,200
dd09-012.compuserve.com,1995-08-01 00:11:18,/images/USA-logosmall.gif,GET,234,200
delorme.richard.i4e000.ic.gc.ca,1995-08-01 00:11:18,/shuttle/technology/images/mission_profile_2-small.gif,GET,35540,200
dd09-012.compuserve.com,1995-08-01 00:11:19,/images/WORLD-logosmall.gif,GET,669,200
delorme.richard.i4e000.ic.gc.ca,1995-08-01 00:11:24,/shuttle/technology/images/tal_abort_2-small.gif,GET,10099,200
www-b5.proxy.aol.com,1995-08-01 00:11:28,/history/apollo/apollo-13/apollo-13.html,GET,18556,200
uplherc.upl.com,1995-08-01 00:11:43,/shuttle/missions/sts-26/mission-sts-26.html,GET,6960,200
uplherc.upl.com,1995-08-01 00:11:45,/shuttle/missions/sts-26/sts-26-patch-small.gif,GET,9581,200
ykline6.internorth.com,1995-08-01 00:11:47,/images/,GET,17688,200
www-b5.proxy.aol.com,1995-08-01 00:11:59,/images/ksclogosmall.gif,GET,3635,200
www-b5.proxy.aol.com,1995-08-01 00:11:59,/history/apollo/images/footprint-logo.gif,GET,4209,200
piweba1y.prodigy.com,1995-08-01 00:12:07,/history/apollo/apollo-13/apollo-13-info.html,GET,1583,200
ad06-061.compuserve.com,1995-08-01 00:12:10,/history/apollo/apollo-13/apollo-13.html,GET,18556,200
ns2.sharp.co.jp,1995-08-01 00:12:15,/,GET,7280,200
pipe1.nyc.pipeline.com,1995-08-01 00:12:22,/history/apollo/apollo-13/apollo-13.html,GET,18556,200
rainbow.mts.chiba-u.ac.jp,1995-08-01 00:12:28,/shuttle/missions/missions.html,GET,8677,200
38.10.180.30,1995-08-01 00:12:29,/msfc/astro_home.html,GET,0,200
in24.inetnebr.com,1995-08-01 00:12:31,/shuttle/missions/sts-68/mission-sts-68.html,GET,49702,200
rainbow.mts.chiba-u.ac.jp,1995-08-01 00:12:36,/images/launchmedium.gif,GET,11853,200
pipe1.nyc.pipeline.com,1995-08-01 00:12:37,"/history/apollo/apollo-13/apollo-13-patch-small.gif""",GET,12859,200
rainbow.mts.chiba-u.ac.jp,1995-08-01 00:12:42,/images/KSC-logosmall.gif,GET,1204,200
uplherc.upl.com,1995-08-01 00:12:46,/shuttle/technology/sts-newsref/sts_asm.html,GET,71654,200
139.230.35.135,1995-08-01 00:12:47,/shuttle/countdown/count70.gif,GET,46573,200
uplherc.upl.com,1995-08-01 00:12:48,/shuttle/technology/images/srb_mod_compare_6-small.gif,GET,28219,200
ns2.sharp.co.jp,1995-08-01 00:12:48,/images/ksclogo-medium.gif,GET,5866,200
uplherc.upl.com,1995-08-01 00:12:49,/shuttle/technology/images/srb_mod_compare_1-small.gif,GET,36902,200
uplherc.upl.com,1995-08-01 00:12:50,/shuttle/technology/images/srb_mod_compare_3-small.gif,GET,55666,200
uplherc.upl.com,1995-08-01 00:12:53,/images/shuttle-patch-logo.gif,GET,891,200
ns2.sharp.co.jp,1995-08-01 00:13:07,/images/NASA-logosmall.gif,GET,786,200
ix-dfw12-08.ix.netcom.com,1995-08-01 00:13:12,/software/winvn/userguide/3_1_1_11.htm,GET,3317,200
ix-dfw12-08.ix.netcom.com,1995-08-01 00:13:14,/software/winvn/userguide/docscont.gif,GET,479,200
ix-dfw12-08.ix.netcom.com,1995-08-01 00:13:14,/software/winvn/userguide/docsrigh.gif,GET,483,200
ix-dfw12-08.ix.netcom.com,1995-08-01 00:13:15,/software/winvn/userguide/winvn30.gif,GET,3582,200
ix-dfw12-08.ix.netcom.com,1995-08-01 00:13:15,/software/winvn/userguide/docsleft.gif,GET,494,200
128.159.129.170,1995-08-01 00:13:16,/,GET,7280,200
ns2.sharp.co.jp,1995-08-01 00:13:16,/images/MOSAIC-logosmall.gif,GET,363,200
128.159.129.170,1995-08-01 00:13:16,/images/ksclogo-medium.gif,GET,5866,200
128.159.129.170,1995-08-01 00:13:18,/images/NASA-logosmall.gif,GET,786,200
128.159.129.170,1995-08-01 00:13:18,/images/MOSAIC-logosmall.gif,GET,363,200
128.159.129.170,1995-08-01 00:13:19,/images/USA-logosmall.gif,GET,234,200
128.159.129.170,1995-08-01 00:13:19,/images/WORLD-logosmall.gif,GET,669,200
ns2.sharp.co.jp,1995-08-01 00:13:24,/images/USA-logosmall.gif,GET,234,200
www-d3.proxy.aol.com,1995-08-01 00:13:30,/images/,GET,17688,200
dd09-012.compuserve.com,1995-08-01 00:13:30,/facts/facts.html,GET,4722,200
ns2.sharp.co.jp,1995-08-01 00:13:34,/images/WORLD-logosmall.gif,GET,669,200
dd09-012.compuserve.com,1995-08-01 00:13:36,/images/faq.gif,GET,263,200
dd09-012.compuserve.com,1995-08-01 00:13:40,/images/KSC-logosmall.gif,GET,1204,200
in24.inetnebr.com,1995-08-01 00:13:42,/shuttle/missions/sts-68/mission-sts-68.html,GET,49702,200
pm9.j51.com,1995-08-01 00:13:43,/history/apollo/apollo-spacecraft.txt,GET,2261,200
piweba1y.prodigy.com,1995-08-01 00:13:46,/history/apollo/apollo-13/apollo-13-info.html,GET,1583,200
www-d3.proxy.aol.com,1995-08-01 00:13:47,/icons/blank.xbm,GET,509,200
rainbow.mts.chiba-u.ac.jp,1995-08-01 00:13:48,/shuttle/missions/sts-1/mission-sts-1.html,GET,8492,200
www-d3.proxy.aol.com,1995-08-01 00:13:51,/icons/image.xbm,GET,509,200
www-d3.proxy.aol.com,1995-08-01 00:13:52,/icons/menu.xbm,GET,527,200
www-d3.proxy.aol.com,1995-08-01 00:13:58,/icons/unknown.xbm,GET,515,200
rainbow.mts.chiba-u.ac.jp,1995-08-01 00:14:00,/shuttle/missions/sts-1/sts-1-patch-small.gif,GET,14176,200
dd09-012.compuserve.com,1995-08-01 00:14:01,/facts/faq07.html,GET,10877,200
139.230.35.135,1995-08-01 00:14:04,/htbin/cdt_main.pl,GET,3714,200
piweba1y.prodigy.com,1995-08-01 00:14:04,/history/apollo/apollo-13/movies/,GET,945,200
143.158.26.50,1995-08-01 00:14:07,/,GET,7280,200
143.158.26.50,1995-08-01 00:14:09,/images/ksclogo-medium.gif,GET,5866,200
143.158.26.50,1995-08-01 00:14:11,/images/NASA-logosmall.gif,GET,786,200
rainbow.mts.chiba-u.ac.jp,1995-08-01 00:14:12,/images/launch-logo.gif,GET,1713,200
piweba1y.prodigy.com,1995-08-01 00:14:15,/icons/blank.xbm,GET,509,200
143.158.26.50,1995-08-01 00:14:16,/images/MOSAIC-logosmall.gif,GET,363,200
rainbow.mts.chiba-u.ac.jp,1995-08-01 00:14:16,/history/apollo/images/apollo-logo1.gif,GET,1173,200
143.158.26.50,1995-08-01 00:14:20,/images/USA-logosmall.gif,GET,234,200
143.158.26.50,1995-08-01 00:14:24,/images/WORLD-logosmall.gif,GET,669,200
piweba1y.prodigy.com,1995-08-01 00:14:24,/icons/menu.xbm,GET,527,200
uplherc.upl.com,1995-08-01 00:14:38,/images/shuttle-patch-small.gif,GET,4179,200
uplherc.upl.com,1995-08-01 00:14:41,/shuttle/technology/sts-newsref/stsref-toc.html,GET,84905,200
143.158.26.50,1995-08-01 00:14:41,/shuttle/countdown/,GET,4324,200
143.158.26.50,1995-08-01 00:14:44,/shuttle/countdown/count70.gif,GET,46573,200
139.230.35.135,1995-08-01 00:14:45,/htbin/cdt_main.pl,GET,3714,200
139.230.35.135,1995-08-01 00:14:48,/shuttle/countdown/images/countclock.gif,GET,13994,200
143.158.26.50,1995-08-01 00:14:48,/images/KSC-logosmall.gif,GET,1204,200
133.43.96.45,1995-08-01 00:14:50,/history/apollo/apollo.html,GET,3260,200
piweba1y.prodigy.com,1995-08-01 00:14:51,/icons/movie.xbm,GET,530,200
dd09-012.compuserve.com,1995-08-01 00:14:57,/images/ksclogosmall.gif,GET,3635,200
143.158.26.50,1995-08-01 00:14:59,/shuttle/missions/sts-70/mission-sts-70.html,GET,20224,200
js002.cc.utsunomiya-u.ac.jp,1995-08-01 00:15:01,/images/launch.gif,GET,240458,200
139.230.35.135,1995-08-01 00:15:03,/images/NASA-logosmall.gif,GET,0,304
143.158.26.50,1995-08-01 00:15:06,/shuttle/missions/sts-70/sts-70-patch-small.gif,GET,5978,200
rainbow.mts.chiba-u.ac.jp,1995-08-01 00:15:09,/persons/astronauts/u-to-z/YoungJW.txt,GET,7114,200
143.158.26.50,1995-08-01 00:15:09,/images/launch-logo.gif,GET,1713,200
143.158.26.50,1995-08-01 00:15:11,/history/apollo/images/apollo-logo1.gif,GET,1173,200
133.43.96.45,1995-08-01 00:15:12,/history/apollo/images/footprint-small.gif,GET,18149,200
194.157.109.130,1995-08-01 00:15:33,/history/history.html,GET,1602,200
194.157.109.130,1995-08-01 00:15:35,/history/apollo/images/apollo-small.gif,GET,9630,200
194.157.109.130,1995-08-01 00:15:41,/history/rocket-history.txt,GET,26990,200
uplherc.upl.com,1995-08-01 00:15:47,/shuttle/technology/sts-newsref/sts-av.html,GET,117168,200
rdr4.ccinet.ab.ca,1995-08-01 00:16:08,/shuttle/countdown/,GET,4324,200
rdr4.ccinet.ab.ca,1995-08-01 00:16:10,/shuttle/countdown/count70.gif,GET,0,304
rdr4.ccinet.ab.ca,1995-08-01 00:16:11,/images/NASA-logosmall.gif,GET,0,304
uplherc.upl.com,1995-08-01 00:16:12,/shuttle/technology/sts-newsref/sts-gnnc.html,GET,119561,200
rdr4.ccinet.ab.ca,1995-08-01 00:16:12,/images/KSC-logosmall.gif,GET,0,304
131.235.117.31,1995-08-01 00:16:15,/images/,GET,17688,200
uplherc.upl.com,1995-08-01 00:16:15,/images/launch-small.gif,GET,3938,200
131.235.117.31,1995-08-01 00:16:17,/icons/blank.xbm,GET,509,200
131.235.117.31,1995-08-01 00:16:17,/icons/menu.xbm,GET,527,200
131.235.117.31,1995-08-01 00:16:18,/icons/image.xbm,GET,509,200
131.235.117.31,1995-08-01 00:16:22,/icons/unknown.xbm,GET,515,200
ad10-015.compuserve.com,1995-08-01 00:16:43,/shuttle/missions/51-l/mission-51-l.html,GET,6658,200
dialip129.gov.bc.ca,1995-08-01 00:16:47,/history/apollo/apollo.html,GET,3260,200
async59.ts-p-caps.caps.maine.edu,1995-08-01 00:16:49,/software/winvn/wvlarge.gif,GET,8192,200
delorme.richard.i4e000.ic.gc.ca,1995-08-01 00:16:56,/shuttle/technology/images/sts_spec_6-small.gif,GET,47145,200
ad10-015.compuserve.com,1995-08-01 00:16:57,/shuttle/missions/51-l/51-l-patch-small.gif,GET,10495,200
palpk-s13.intac.com,1995-08-01 00:16:59,/images/,GET,17688,200
scctn02.sp.ac.sg,1995-08-01 00:16:59,/,GET,7280,200
palpk-s13.intac.com,1995-08-01 00:17:01,/icons/blank.xbm,GET,509,200
palpk-s13.intac.com,1995-08-01 00:17:01,/icons/menu.xbm,GET,527,200
palpk-s13.intac.com,1995-08-01 00:17:01,/icons/image.xbm,GET,509,200
palpk-s13.intac.com,1995-08-01 00:17:05,/icons/unknown.xbm,GET,515,200
143.158.26.50,1995-08-01 00:17:18,/history/history.html,GET,1602,200
palpk-s13.intac.com,1995-08-01 00:17:20,/images/NASAseal-small.gif,GET,2027,200
143.158.26.50,1995-08-01 00:17:22,/history/apollo/images/apollo-small.gif,GET,9630,200
dialip129.gov.bc.ca,1995-08-01 00:17:23,/history/apollo/apollo-11/apollo-11.html,GET,44877,200
143.158.26.50,1995-08-01 00:17:29,/shuttle/missions/missions.html,GET,8677,200
139.230.35.135,1995-08-01 00:17:29,/shuttle/countdown/liftoff.html,GET,5220,200
palpk-s13.intac.com,1995-08-01 00:17:31,/images/KSC-94EC-412-small.gif,GET,20484,200
143.158.26.50,1995-08-01 00:17:32,/images/launchmedium.gif,GET,11853,200
ad11-061.compuserve.com,1995-08-01 00:17:38,/shuttle/missions/sts-70/movies/sts-70-launch.mpg,GET,717587,200
139.230.35.135,1995-08-01 00:17:41,/shuttle/countdown/liftoff.html,GET,5220,200
139.230.35.135,1995-08-01 00:17:53,/shuttle/countdown/liftoff.html,GET,5220,200
delorme.richard.i4e000.ic.gc.ca,1995-08-01 00:17:54,/shuttle/technology/images/launch_sites_8-small.gif,GET,74267,200
ykline6.internorth.com,1995-08-01 00:17:55,/images/landing-small.gif,GET,16966,200
143.158.26.50,1995-08-01 00:18:00,/shuttle/missions/61-b/mission-61-b.html,GET,6468,200
143.158.26.50,1995-08-01 00:18:06,/shuttle/missions/61-b/61-b-patch-small.gif,GET,12722,200
143.158.26.50,1995-08-01 00:18:12,/shuttle/missions/61-c/mission-61-c.html,GET,8337,200
143.158.26.50,1995-08-01 00:18:17,/shuttle/missions/61-c/61-c-patch-small.gif,GET,11963,200
palpk-s13.intac.com,1995-08-01 00:18:27,/images/bluemarb.gif,GET,4441,200
143.158.26.50,1995-08-01 00:18:39,/shuttle/missions/51-c/mission-51-c.html,GET,4551,200
143.158.26.50,1995-08-01 00:18:40,/shuttle/missions/51-c/51-c-patch-small.gif,GET,12632,200
dialip129.gov.bc.ca,1995-08-01 00:18:42,/history/apollo/apollo-11/apollo-11-info.html,GET,1457,200
143.158.26.50,1995-08-01 00:18:49,/shuttle/missions/51-d/mission-51-d.html,GET,6544,200
143.158.26.50,1995-08-01 00:18:51,/shuttle/missions/51-d/51-d-patch-small.gif,GET,15573,200
palpk-s13.intac.com,1995-08-01 00:19:04,/images/construct.gif,GET,1414,200
dialip129.gov.bc.ca,1995-08-01 00:19:07,/history/apollo/apollo-11/apollo-11-info.html,GET,1457,200
pm9.j51.com,1995-08-01 00:19:09,/history/apollo/apollo-goals.txt,GET,712,200
uplherc.upl.com,1995-08-01 00:19:09,/shuttle/technology/images/sts_body_2-small.gif,GET,30067,200
uplherc.upl.com,1995-08-01 00:19:15,/shuttle/technology/sts-newsref/sts_coord.html,GET,136804,200
uplherc.upl.com,1995-08-01 00:19:16,/shuttle/technology/images/crew_compartment_13-small.gif,GET,79088,200
uplherc.upl.com,1995-08-01 00:19:17,/shuttle/technology/images/aft_fuselage_2-small.gif,GET,45632,200
www-b3.proxy.aol.com,1995-08-01 00:19:27,/images/,GET,17688,200
ppp3_069.bekkoame.or.jp,1995-08-01 00:19:32,/shuttle/countdown/,GET,4324,200
blv-pm11-ip17.halcyon.com,1995-08-01 00:19:35,/,GET,7280,200
ppp3_069.bekkoame.or.jp,1995-08-01 00:19:39,/images/NASA-logosmall.gif,GET,786,200
ppp3_069.bekkoame.or.jp,1995-08-01 00:19:40,/images/KSC-logosmall.gif,GET,1204,200
blv-pm11-ip17.halcyon.com,1995-08-01 00:19:41,/images/ksclogo-medium.gif,GET,5866,200
scctn02.sp.ac.sg,1995-08-01 00:19:41,/,GET,7280,200
palpk-s13.intac.com,1995-08-01 00:19:43,/images/de-logo.gif,GET,863,200
ppp3_069.bekkoame.or.jp,1995-08-01 00:19:51,/shuttle/countdown/count70.gif,GET,46573,200
pm9.j51.com,1995-08-01 00:19:51,/history/apollo/flight-summary.txt,GET,5086,200
palpk-s13.intac.com,1995-08-01 00:19:54,/images/crawler-logo.gif,GET,14108,200
blv-pm11-ip17.halcyon.com,1995-08-01 00:20:01,/images/NASA-logosmall.gif,GET,786,200
scctn02.sp.ac.sg,1995-08-01 00:20:01,/images/ksclogo-medium.gif,GET,5866,200
blv-pm11-ip17.halcyon.com,1995-08-01 00:20:06,/images/USA-logosmall.gif,GET,234,200
blv-pm11-ip17.halcyon.com,1995-08-01 00:20:07,/images/MOSAIC-logosmall.gif,GET,363,200
139.230.35.135,1995-08-01 00:20:10,/shuttle/countdown/liftoff.html,GET,5220,200
dialip129.gov.bc.ca,1995-08-01 00:20:11,/history/apollo/apollo-11/images/,GET,3459,200
blv-pm11-ip17.halcyon.com,1995-08-01 00:20:13,/images/WORLD-logosmall.gif,GET,669,200
dd09-012.compuserve.com,1995-08-01 00:20:23,/ksc.html,GET,7280,200
van15423.direct.ca,1995-08-01 00:20:28,/software/winvn/winvn.html,GET,0,304
van15423.direct.ca,1995-08-01 00:20:29,/images/construct.gif,GET,0,304
van15423.direct.ca,1995-08-01 00:20:29,/software/winvn/bluemarb.gif,GET,0,304
van15423.direct.ca,1995-08-01 00:20:29,/software/winvn/wvsmall.gif,GET,0,304
van15423.direct.ca,1995-08-01 00:20:30,/images/KSC-logosmall.gif,GET,0,304
van15423.direct.ca,1995-08-01 00:20:31,/images/WORLD-logosmall.gif,GET,0,304
van15423.direct.ca,1995-08-01 00:20:34,/software/winvn/winvn.gif,GET,0,304
van15423.direct.ca,1995-08-01 00:20:35,/images/MOSAIC-logosmall.gif,GET,0,304
van15423.direct.ca,1995-08-01 00:20:36,/images/USA-logosmall.gif,GET,0,304
cs1-08.leh.ptd.net,1995-08-01 00:20:41,/ksc.html,GET,7280,200
blv-pm11-ip17.halcyon.com,1995-08-01 00:20:41,/shuttle/countdown/,GET,4324,200
ip-pdx8-55.teleport.com,1995-08-01 00:20:42,/ksc.html,GET,7280,200
cs1-08.leh.ptd.net,1995-08-01 00:20:43,/images/ksclogo-medium.gif,GET,5866,200
www-d1.proxy.aol.com,1995-08-01 00:20:44,/images/shuttle-patch-small.gif,GET,4179,200
ip-pdx8-55.teleport.com,1995-08-01 00:20:45,/images/ksclogo-medium.gif,GET,5866,200
cs1-08.leh.ptd.net,1995-08-01 00:20:48,/images/NASA-logosmall.gif,GET,786,200
cs1-08.leh.ptd.net,1995-08-01 00:20:48,/images/MOSAIC-logosmall.gif,GET,363,200
ip-pdx8-55.teleport.com,1995-08-01 00:20:50,/images/NASA-logosmall.gif,GET,786,200
cs1-08.leh.ptd.net,1995-08-01 00:20:50,/images/USA-logosmall.gif,GET,234,200
cs1-08.leh.ptd.net,1995-08-01 00:20:50,/images/WORLD-logosmall.gif,GET,669,200
blv-pm11-ip17.halcyon.com,1995-08-01 00:20:52,/images/KSC-logosmall.gif,GET,1204,200
ip-pdx8-55.teleport.com,1995-08-01 00:20:53,/images/MOSAIC-logosmall.gif,GET,363,200
ip-pdx8-55.teleport.com,1995-08-01 00:20:57,/images/USA-logosmall.gif,GET,234,200
blv-pm11-ip17.halcyon.com,1995-08-01 00:20:57,/shuttle/countdown/count70.gif,GET,46573,200
dd09-012.compuserve.com,1995-08-01 00:20:58,/shuttle/missions/sts-70/mission-sts-70.html,GET,20224,200
ip-pdx8-55.teleport.com,1995-08-01 00:21:00,/images/WORLD-logosmall.gif,GET,669,200
133.43.96.45,1995-08-01 00:21:01,/history/apollo/apollo-13/apollo-13.html,GET,18556,200
133.43.96.45,1995-08-01 00:21:04,/history/apollo/apollo-13/apollo-13-patch-small.gif,GET,12859,200
ppp3_069.bekkoame.or.jp,1995-08-01 00:21:05,"/cgi-bin/imagemap/countdown70?186,284",GET,110,302
128.159.129.170,1995-08-01 00:21:06,/,GET,7280,200
128.159.129.170,1995-08-01 00:21:06,/images/ksclogo-medium.gif,GET,5866,200
ppp3_069.bekkoame.or.jp,1995-08-01 00:21:07,/shuttle/missions/sts-70/movies/movies.html,GET,2979,200
cs1-08.leh.ptd.net,1995-08-01 00:21:08,/shuttle/missions/sts-71/movies/movies.html,GET,3381,200
128.159.129.170,1995-08-01 00:21:08,/images/NASA-logosmall.gif,GET,786,200
128.159.129.170,1995-08-01 00:21:08,/images/MOSAIC-logosmall.gif,GET,363,200
128.159.129.170,1995-08-01 00:21:09,/images/USA-logosmall.gif,GET,234,200
128.159.129.170,1995-08-01 00:21:09,/images/WORLD-logosmall.gif,GET,669,200
cs1-08.leh.ptd.net,1995-08-01 00:21:10,/shuttle/missions/sts-71/sts-71-patch-small.gif,GET,12054,200
ppp3_069.bekkoame.or.jp,1995-08-01 00:21:13,/shuttle/missions/sts-70/sts-70-patch-small.gif,GET,5978,200
pm9.j51.com,1995-08-01 00:21:14,/history/apollo/as-201/as-201.html,GET,3679,200
tsip52.ionet.net,1995-08-01 00:21:16,/shuttle/missions/missions.html,GET,8677,200
pm9.j51.com,1995-08-01 00:21:17,/history/apollo/as-201/as-201-patch-small.gif,GET,16184,200
sunset.somcau.siu.edu,1995-08-01 00:21:17,/shuttle/missions/sts-66/sts-66-patch-small.gif,GET,20271,200
ip-pdx8-55.teleport.com,1995-08-01 00:21:17,/shuttle/countdown/,GET,4324,200
palpk-s13.intac.com,1995-08-01 00:21:18,/images/whatsnew.gif,GET,651,200
tsip52.ionet.net,1995-08-01 00:21:19,/images/launchmedium.gif,GET,11853,200
sunset.somcau.siu.edu,1995-08-01 00:21:24,/shuttle/missions/sts-66/mission-sts-66.html,GET,174452,200
tsip52.ionet.net,1995-08-01 00:21:26,/images/NASA-logosmall.gif,GET,786,200
tsip52.ionet.net,1995-08-01 00:21:26,/images/KSC-logosmall.gif,GET,1204,200
palpk-s13.intac.com,1995-08-01 00:21:28,/images/slf-logo.gif,GET,10966,200
sunset.somcau.siu.edu,1995-08-01 00:21:28,/images/KSC-logosmall.gif,GET,1204,200
ip-pdx8-55.teleport.com,1995-08-01 00:21:28,/images/KSC-logosmall.gif,GET,1204,200
sunset.somcau.siu.edu,1995-08-01 00:21:29,/images/launch-logo.gif,GET,1713,200
sunset.somcau.siu.edu,1995-08-01 00:21:29,/history/apollo/images/apollo-logo1.gif,GET,1173,200
ip-pdx8-55.teleport.com,1995-08-01 00:21:32,/shuttle/countdown/count70.gif,GET,46573,200
133.43.96.45,1995-08-01 00:21:36,/history/apollo/images/footprint-logo.gif,GET,4209,200
www-c6.proxy.aol.com,1995-08-01 00:21:44,/images/,GET,17688,200
dd09-012.compuserve.com,1995-08-01 00:21:46,/shuttle/missions/sts-70/sts-70-patch-small.gif,GET,5978,200
dd09-012.compuserve.com,1995-08-01 00:21:52,/images/launch-logo.gif,GET,1713,200
pm9.j51.com,1995-08-01 00:21:54,/history/apollo/apollo-4/apollo-4.html,GET,3542,200
palpk-s13.intac.com,1995-08-01 00:21:55,/images/op.gif,GET,1408,200
www-c6.proxy.aol.com,1995-08-01 00:21:55,/icons/menu.xbm,GET,527,200
dd09-012.compuserve.com,1995-08-01 00:21:56,/history/apollo/images/apollo-logo1.gif,GET,1173,200
pm9.j51.com,1995-08-01 00:21:57,/history/apollo/apollo-4/apollo-4-patch-small.gif,GET,11934,200
www-c6.proxy.aol.com,1995-08-01 00:21:58,/icons/blank.xbm,GET,509,200
www-c6.proxy.aol.com,1995-08-01 00:21:58,/icons/image.xbm,GET,509,200
www-c6.proxy.aol.com,1995-08-01 00:22:04,/icons/unknown.xbm,GET,515,200
piweba1y.prodigy.com,1995-08-01 00:22:09,/shuttle/missions/sts-70/mission-sts-70.html,GET,20224,200
139.230.35.135,1995-08-01 00:22:12,/shuttle/countdown/liftoff.html,GET,5220,200
www-c6.proxy.aol.com,1995-08-01 00:22:14,/images/IMPACT.JPG,GET,169883,200
www-d1.proxy.aol.com,1995-08-01 00:22:20,/images/launch-logo.gif,GET,1713,200
www-d1.proxy.aol.com,1995-08-01 00:22:20,/images/KSC-logosmall.gif,GET,1204,200
pm6a3.sover.net,1995-08-01 00:22:27,/ksc.html,GET,7280,200
pm6a3.sover.net,1995-08-01 00:22:30,/images/ksclogo-medium.gif,GET,5866,200
pm6a3.sover.net,1995-08-01 00:22:33,/images/NASA-logosmall.gif,GET,786,200
pwestec.sierra.net,1995-08-01 00:22:34,/biomed/program.html,GET,31393,200
pm6a3.sover.net,1995-08-01 00:22:38,/images/MOSAIC-logosmall.gif,GET,363,200
palpk-s13.intac.com,1995-08-01 00:22:40,/images/imagemaps/,GET,462,200
cs1-08.leh.ptd.net,1995-08-01 00:22:41,/shuttle/missions/sts-71/movies/sts-71-launch-3.mpg,GET,130724,200
palpk-s13.intac.com,1995-08-01 00:22:41,/icons/text.xbm,GET,527,200
pm6a3.sover.net,1995-08-01 00:22:42,/images/USA-logosmall.gif,GET,234,200
pm6a3.sover.net,1995-08-01 00:22:42,/images/WORLD-logosmall.gif,GET,669,200
ras15.srv.net,1995-08-01 00:22:48,/shuttle/missions/sts-56/mission-sts-56.html,GET,9298,200
palpk-s13.intac.com,1995-08-01 00:22:50,/images/imagemaps/stats.map,GET,331,200
blv-pm11-ip17.halcyon.com,1995-08-01 00:22:50,"/cgi-bin/imagemap/countdown70?67,155",GET,111,302
dd09-012.compuserve.com,1995-08-01 00:22:51,/shuttle/missions/missions.html,GET,8677,200
blv-pm11-ip17.halcyon.com,1995-08-01 00:22:52,/shuttle/missions/sts-70/mission-sts-70.html,GET,20224,200
ras15.srv.net,1995-08-01 00:22:53,/shuttle/missions/sts-56/sts-56-patch-small.gif,GET,9978,200
pwestec.sierra.net,1995-08-01 00:22:53,/biomed/wwwicons/purple.gif,GET,334,200
pwestec.sierra.net,1995-08-01 00:22:54,/biomed/wwwicons/blue.gif,GET,334,200
pwestec.sierra.net,1995-08-01 00:22:55,/biomed/wwwicons/green.gif,GET,334,200
pwestec.sierra.net,1995-08-01 00:22:57,/biomed/wwwicons/red.gif,GET,334,200
pwestec.sierra.net,1995-08-01 00:22:58,/biomed/wwwicons/orange.gif,GET,334,200
pwestec.sierra.net,1995-08-01 00:23:00,/biomed/wwwicons/yellow.gif,GET,334,200
pwestec.sierra.net,1995-08-01 00:23:02,/biomed/wwwicons/mm.gif,GET,334,200
ras15.srv.net,1995-08-01 00:23:03,/images/KSC-logosmall.gif,GET,1204,200
pm6a3.sover.net,1995-08-01 00:23:04,/shuttle/missions/sts-69/mission-sts-69.html,GET,10566,200
ppp3_069.bekkoame.or.jp,1995-08-01 00:23:06,/shuttle/missions/sts-70/movies/sts-70-launch.mpg,GET,57344,200
pm6a3.sover.net,1995-08-01 00:23:06,/shuttle/missions/sts-69/sts-69-patch-small.gif,GET,8083,200
blv-pm11-ip17.halcyon.com,1995-08-01 00:23:08,/shuttle/missions/sts-70/sts-70-patch-small.gif,GET,5978,200
ras15.srv.net,1995-08-01 00:23:09,/images/launch-logo.gif,GET,1713,200
pm9.j51.com,1995-08-01 00:23:12,/history/apollo/apollo-1/apollo-1-info.html,GET,1434,200
pm6a3.sover.net,1995-08-01 00:23:14,/images/KSC-logosmall.gif,GET,1204,200
pm6a3.sover.net,1995-08-01 00:23:14,/images/launch-logo.gif,GET,1713,200
pm6a3.sover.net,1995-08-01 00:23:14,/history/apollo/images/apollo-logo1.gif,GET,1173,200
ppp3_069.bekkoame.or.jp,1995-08-01 00:23:15,"/cgi-bin/imagemap/countdown70?72,218",GET,110,302
palpk-s13.intac.com,1995-08-01 00:23:16,/images/hq.gif,GET,40582,200
ras15.srv.net,1995-08-01 00:23:16,/history/apollo/images/apollo-logo1.gif,GET,1173,200
ppp3_069.bekkoame.or.jp,1995-08-01 00:23:17,/shuttle/missions/sts-70/images/images.html,GET,8657,200
dd09-012.compuserve.com,1995-08-01 00:23:20,/images/launchmedium.gif,GET,11853,200
ppp3_069.bekkoame.or.jp,1995-08-01 00:23:31,/shuttle/missions/sts-70/images/KSC-95EC-0515.gif,GET,39252,200
blv-pm11-ip17.halcyon.com,1995-08-01 00:23:34,/images/launch-logo.gif,GET,1713,200
pm9.j51.com,1995-08-01 00:23:35,/history/apollo/apollo-1/images/,GET,1190,200
blv-pm11-ip17.halcyon.com,1995-08-01 00:23:36,/history/apollo/images/apollo-logo1.gif,GET,1173,200
pm9.j51.com,1995-08-01 00:23:38,/icons/blank.xbm,GET,509,200
pm9.j51.com,1995-08-01 00:23:41,/icons/menu.xbm,GET,527,200
pm9.j51.com,1995-08-01 00:23:42,/icons/image.xbm,GET,509,200
www-c6.proxy.aol.com,1995-08-01 00:24:00,/images/cm-map.gif,GET,22011,200
133.43.106.47,1995-08-01 00:24:18,/,GET,7280,200
dd09-012.compuserve.com,1995-08-01 00:24:20,/facts/about_ksc.html,GET,3977,200
cherry.hip.berkeley.edu,1995-08-01 00:24:21,/history/apollo/apollo-13/apollo-13.html,GET,18556,200
dialip129.gov.bc.ca,1995-08-01 00:24:21,/history/apollo/apollo-11/images/69HC680.GIF,GET,149444,200
139.230.35.135,1995-08-01 00:24:22,/shuttle/missions/sts-70/images/images.html,GET,8657,200
cherry.hip.berkeley.edu,1995-08-01 00:24:23,/history/apollo/apollo-13/apollo-13-patch-small.gif,GET,12859,200
dd09-012.compuserve.com,1995-08-01 00:24:25,/images/launchpalms-small.gif,GET,11473,200
133.43.106.47,1995-08-01 00:24:29,/images/ksclogo-medium.gif,GET,5866,200
piweba1y.prodigy.com,1995-08-01 00:24:29,/shuttle/missions/sts-70/sts-70-patch-small.gif,GET,5978,200
dd12-062.compuserve.com,1995-08-01 00:24:37,/shuttle/missions/missions.html,GET,8677,200
piweba1y.prodigy.com,1995-08-01 00:24:40,/images/KSC-logosmall.gif,GET,1204,200
cherry.hip.berkeley.edu,1995-08-01 00:24:44,/images/ksclogosmall.gif,GET,3635,200
cherry.hip.berkeley.edu,1995-08-01 00:24:45,/history/apollo/images/footprint-logo.gif,GET,4209,200
dd12-062.compuserve.com,1995-08-01 00:24:45,/images/launchmedium.gif,GET,11853,200
piweba1y.prodigy.com,1995-08-01 00:24:46,/images/launch-logo.gif,GET,1713,200
133.43.106.47,1995-08-01 00:24:50,/images/NASA-logosmall.gif,GET,786,200
ras15.srv.net,1995-08-01 00:24:57,/shuttle/missions/missions.html,GET,8677,200
133.43.106.47,1995-08-01 00:25:00,/images/MOSAIC-logosmall.gif,GET,363,200
ras15.srv.net,1995-08-01 00:25:01,/images/launchmedium.gif,GET,11853,200
www-d1.proxy.aol.com,1995-08-01 00:25:05,/shuttle/technology/sts-newsref/srb.html,GET,49553,200
133.43.106.47,1995-08-01 00:25:11,/images/USA-logosmall.gif,GET,234,200
ix-sea6-23.ix.netcom.com,1995-08-01 00:25:12,/software/winvn/winvn.html,GET,9866,200
csclass.utdallas.edu,1995-08-01 00:25:13,/shuttle/missions/sts-68/mission-sts-68.html,GET,40960,200
ix-sea6-23.ix.netcom.com,1995-08-01 00:25:14,/software/winvn/winvn.gif,GET,25218,200
ix-sea6-23.ix.netcom.com,1995-08-01 00:25:14,/images/construct.gif,GET,1414,200
ix-sea6-23.ix.netcom.com,1995-08-01 00:25:14,/software/winvn/bluemarb.gif,GET,4441,200
ras15.srv.net,1995-08-01 00:25:15,/images/NASA-logosmall.gif,GET,786,200
133.43.106.47,1995-08-01 00:25:15,/images/WORLD-logosmall.gif,GET,669,200
ix-sea6-23.ix.netcom.com,1995-08-01 00:25:19,/software/winvn/wvsmall.gif,GET,13372,200
139.230.35.135,1995-08-01 00:25:22,/shuttle/missions/sts-70/images/KSC-95EC-1059.gif,GET,40180,200
ix-sea6-23.ix.netcom.com,1995-08-01 00:25:24,/images/KSC-logosmall.gif,GET,1204,200
ix-sea6-23.ix.netcom.com,1995-08-01 00:25:24,/images/MOSAIC-logosmall.gif,GET,363,200
ix-sea6-23.ix.netcom.com,1995-08-01 00:25:26,/images/USA-logosmall.gif,GET,234,200
ix-sea6-23.ix.netcom.com,1995-08-01 00:25:26,/images/WORLD-logosmall.gif,GET,669,200
www-d1.proxy.aol.com,1995-08-01 00:25:35,/shuttle/technology/images/srb_16-small.gif,GET,42732,200
ix-min1-02.ix.netcom.com,1995-08-01 00:25:39,/images/ksclogosmall.gif,GET,0,304
grail911.nando.net,1995-08-01 00:25:45,/history/apollo/,GET,6245,200
grail911.nando.net,1995-08-01 00:25:47,/icons/blank.xbm,GET,509,200
grail911.nando.net,1995-08-01 00:25:47,/icons/menu.xbm,GET,527,200
ras15.srv.net,1995-08-01 00:25:48,/shuttle/missions/sts-69/mission-sts-69.html,GET,10566,200
grail911.nando.net,1995-08-01 00:25:49,/icons/text.xbm,GET,527,200
ras15.srv.net,1995-08-01 00:25:54,/shuttle/missions/sts-69/sts-69-patch-small.gif,GET,8083,200
ix-min1-02.ix.netcom.com,1995-08-01 00:25:55,/history/apollo/images/footprint-logo.gif,GET,0,304
piweba3y.prodigy.com,1995-08-01 00:26:00,/history/apollo/apollo-11/apollo-11.html,GET,44877,200
ix-min1-02.ix.netcom.com,1995-08-01 00:26:04,/history/apollo/apollo-12/apollo-12.html,GET,2557,200
ix-min1-02.ix.netcom.com,1995-08-01 00:26:06,/history/apollo/apollo-12/apollo-12-patch-small.gif,GET,11644,200
dialip129.gov.bc.ca,1995-08-01 00:26:14,/history/apollo/apollo-11/movies/,GET,381,200
www-c6.proxy.aol.com,1995-08-01 00:26:17,/images/landing-small.gif,GET,16966,200
in24.inetnebr.com,1995-08-01 00:26:18,/shuttle/missions/sts-76/mission-sts-76.html,GET,3161,200
ix-min1-02.ix.netcom.com,1995-08-01 00:26:19,/history/apollo/apollo-12/apollo-12-info.html,GET,1457,200
in24.inetnebr.com,1995-08-01 00:26:21,/shuttle/missions/sts-76/sts-76-patch-small.gif,GET,4179,200
www-d1.proxy.aol.com,1995-08-01 00:26:22,/images/shuttle-patch-logo.gif,GET,891,200
dialip129.gov.bc.ca,1995-08-01 00:26:23,/history/apollo/apollo-11/sounds/,GET,653,200
ix-min1-02.ix.netcom.com,1995-08-01 00:26:24,/history/apollo/apollo-12/movies/,GET,381,200
ix-min1-02.ix.netcom.com,1995-08-01 00:26:25,/icons/menu.xbm,GET,0,304
ix-min1-02.ix.netcom.com,1995-08-01 00:26:26,/icons/blank.xbm,GET,0,304
slip9-162.beta.delphi.com,1995-08-01 00:26:28,/shuttle/missions/sts-64/mission-sts-64.html,GET,49152,200
slip9-162.beta.delphi.com,1995-08-01 00:26:30,/shuttle/resources/orbiters/discovery.html,GET,6849,200
ix-min1-02.ix.netcom.com,1995-08-01 00:26:31,/history/apollo/apollo-12/,GET,1732,200
ix-min1-02.ix.netcom.com,1995-08-01 00:26:32,/icons/text.xbm,GET,0,304
ix-min1-02.ix.netcom.com,1995-08-01 00:26:33,/icons/image.xbm,GET,0,304
ix-min1-02.ix.netcom.com,1995-08-01 00:26:40,/history/apollo/apollo-12/movies/,GET,381,200
slip9-162.beta.delphi.com,1995-08-01 00:26:40,/shuttle/missions/sts-64/mission-sts-64.html,GET,49152,200
tia1.eskimo.com,1995-08-01 00:26:46,/software/winvn/winvn.html,GET,9866,200
ix-min1-02.ix.netcom.com,1995-08-01 00:26:47,/history/apollo/apollo-12/movies/,GET,381,200
tia1.eskimo.com,1995-08-01 00:26:48,/software/winvn/winvn.gif,GET,25218,200
tia1.eskimo.com,1995-08-01 00:26:48,/images/construct.gif,GET,1414,200
tia1.eskimo.com,1995-08-01 00:26:49,/software/winvn/bluemarb.gif,GET,4441,200
ix-min1-02.ix.netcom.com,1995-08-01 00:26:50,/history/apollo/apollo-12/,GET,1732,200
tia1.eskimo.com,1995-08-01 00:26:55,/software/winvn/wvsmall.gif,GET,13372,200
tia1.eskimo.com,1995-08-01 00:26:56,/images/KSC-logosmall.gif,GET,1204,200
tia1.eskimo.com,1995-08-01 00:26:58,/images/MOSAIC-logosmall.gif,GET,363,200
tia1.eskimo.com,1995-08-01 00:27:05,/images/WORLD-logosmall.gif,GET,669,200
in24.inetnebr.com,1995-08-01 00:27:06,/facilities/mlp.html,GET,2653,200
tia1.eskimo.com,1995-08-01 00:27:06,/images/USA-logosmall.gif,GET,234,200
slippc6.cs.nps.navy.mil,1995-08-01 00:27:14,/shuttle/,GET,957,200
in24.inetnebr.com,1995-08-01 00:27:15,/images/ksclogosmall.gif,GET,3635,200
in24.inetnebr.com,1995-08-01 00:27:15,/images/kscmap-tiny.gif,GET,2537,200
pm9.j51.com,1995-08-01 00:27:24,/history/apollo/apollo-1/images/apollo-1-crew.gif,GET,250849,200
ix-min1-02.ix.netcom.com,1995-08-01 00:27:31,/history/apollo/apollo-12/apollo-12-patch.jpg,GET,90112,200
piweba3y.prodigy.com,1995-08-01 00:27:33,/history/apollo/apollo-11/apollo-11-patch-small.gif,GET,11175,200
remote.redzone.com,1995-08-01 00:27:34,/history/apollo/apollo-13/apollo-13.html,GET,18556,200
remote.redzone.com,1995-08-01 00:27:38,/history/apollo/apollo-13/apollo-13-patch-small.gif,GET,12859,200
ix-min1-02.ix.netcom.com,1995-08-01 00:27:40,/history/apollo/apollo-12/videos/,GET,517,200
ix-min1-02.ix.netcom.com,1995-08-01 00:27:41,/icons/movie.xbm,GET,530,200
ix-min1-02.ix.netcom.com,1995-08-01 00:27:44,/history/apollo/apollo-12/videos/moonflag.mpg,GET,0,200
in24.inetnebr.com,1995-08-01 00:27:59,/shuttle/technology/sts-newsref/et.html,GET,20327,200
tia1.eskimo.com,1995-08-01 00:28:01,/software/winvn/wvlarge.gif,GET,23416,200
remote.redzone.com,1995-08-01 00:28:07,/images/ksclogosmall.gif,GET,3635,200
remote.redzone.com,1995-08-01 00:28:07,/history/apollo/images/footprint-logo.gif,GET,4209,200
in24.inetnebr.com,1995-08-01 00:28:14,/shuttle/technology/images/et_1-small.gif,GET,35624,200
line10.pm1.abb.mindlink.net,1995-08-01 00:28:17,/shuttle/countdown/,GET,4324,200
ix-min1-02.ix.netcom.com,1995-08-01 00:28:26,/history/apollo/apollo-12/videos/,GET,517,200
dialip129.gov.bc.ca,1995-08-01 00:28:28,/history/apollo/apollo-11/sounds/A01106AA.WAV,GET,96036,200
ix-min1-02.ix.netcom.com,1995-08-01 00:28:34,/history/apollo/apollo-12/videos/moonflag.mpg,GET,0,200
www-c1.proxy.aol.com,1995-08-01 00:28:34,/shuttle/missions/sts-71/mission-sts-71.html,GET,13450,200
line10.pm1.abb.mindlink.net,1995-08-01 00:28:39,/images/NASA-logosmall.gif,GET,786,200
line10.pm1.abb.mindlink.net,1995-08-01 00:28:41,/images/KSC-logosmall.gif,GET,1204,200
tia1.eskimo.com,1995-08-01 00:28:41,/pub/winvn/release.txt,GET,0,404
198.248.59.123,1995-08-01 00:28:41,/shuttle/missions/missions.html,GET,8677,200
ix-min1-02.ix.netcom.com,1995-08-01 00:28:43,/history/apollo/apollo-12/videos/moonflag.mpg,GET,0,200
198.248.59.123,1995-08-01 00:28:46,/images/launchmedium.gif,GET,11853,200
ix-min1-02.ix.netcom.com,1995-08-01 00:28:48,/history/apollo/apollo-12/,GET,1732,200
133.43.96.45,1995-08-01 00:28:55,/history/apollo/apollo-13/apollo-13-patch.jpg,GET,143703,200
ix-min1-02.ix.netcom.com,1995-08-01 00:28:55,/history/apollo/apollo-12/movies/,GET,381,200
198.248.59.123,1995-08-01 00:28:57,/images/NASA-logosmall.gif,GET,786,200
198.248.59.123,1995-08-01 00:28:57,/images/KSC-logosmall.gif,GET,1204,200
ix-min1-02.ix.netcom.com,1995-08-01 00:28:57,/history/apollo/apollo-12/,GET,1732,200
piweba3y.prodigy.com,1995-08-01 00:28:59,/history/apollo/apollo-11/apollo-11-patch-small.gif,GET,11175,200
piweba3y.prodigy.com,1995-08-01 00:29:02,/images/ksclogosmall.gif,GET,3635,200
ix-min1-02.ix.netcom.com,1995-08-01 00:29:04,/history/apollo/apollo-12/videos/,GET,517,200
ix-min1-02.ix.netcom.com,1995-08-01 00:29:08,/history/apollo/apollo-12/videos/moonflag.mpg,GET,0,200
line10.pm1.abb.mindlink.net,1995-08-01 00:29:34,/shuttle/countdown/count70.gif,GET,46573,200
www-b3.proxy.aol.com,1995-08-01 00:29:35,/shuttle/missions/sts-68/mission-sts-68.html,GET,49702,200
pm9.j51.com,1995-08-01 00:29:39,/history/apollo/apollo-1/images/66HC1519.gif,GET,65240,200
www-b3.proxy.aol.com,1995-08-01 00:29:55,/shuttle/missions/sts-68/sts-68-patch-small.gif,GET,17459,200
adam.tower.com.au,1995-08-01 00:30:28,/shuttle/missions/sts-71/images/images.html,GET,8529,200
www-b5.proxy.aol.com,1995-08-01 00:30:28,/images/,GET,17688,200
198.248.59.123,1995-08-01 00:30:33,/history/gemini/gemini.html,GET,2522,200
piweba3y.prodigy.com,1995-08-01 00:30:35,/images/ksclogosmall.gif,GET,3635,200
adam.tower.com.au,1995-08-01 00:30:36,/shuttle/missions/sts-71/images/images.html,GET,8529,200
198.248.59.123,1995-08-01 00:30:37,/images/gemini-logo.gif,GET,4452,200
198.248.59.123,1995-08-01 00:30:37,/images/ksclogosmall.gif,GET,3635,200
198.248.59.123,1995-08-01 00:30:38,/history/apollo/images/apollo-logo.gif,GET,3047,200
www-b3.proxy.aol.com,1995-08-01 00:30:57,/images/launch-logo.gif,GET,1713,200
piweba3y.prodigy.com,1995-08-01 00:30:57,/history/apollo/images/footprint-logo.gif,GET,4209,200
www-d1.proxy.aol.com,1995-08-01 00:30:59,/shuttle/technology/sts-newsref/sts_asm.html,GET,71654,200
www-b3.proxy.aol.com,1995-08-01 00:31:02,/images/KSC-logosmall.gif,GET,1204,200
www-b5.proxy.aol.com,1995-08-01 00:31:04,/history/skylab/skylab.html,GET,1687,200
www-b5.proxy.aol.com,1995-08-01 00:31:07,/history/skylab/skylab-small.gif,GET,9202,200
www-b5.proxy.aol.com,1995-08-01 00:31:07,/history/apollo/images/apollo-logo.gif,GET,3047,200
pm9.j51.com,1995-08-01 00:31:12,/history/apollo/apollo-1/images/67HC33a.gif,GET,79452,200
piweba3y.prodigy.com,1995-08-01 00:31:39,/facilities/vab.html,GET,4045,200
rdr4.ccinet.ab.ca,1995-08-01 00:31:41,/shuttle/countdown/,GET,0,304
www-b5.proxy.aol.com,1995-08-01 00:31:41,/history/skylab/skylab-2.html,GET,1478,200
cs1-08.leh.ptd.net,1995-08-01 00:31:41,/ksc.html,GET,7280,200
cs1-08.leh.ptd.net,1995-08-01 00:31:43,/images/ksclogo-medium.gif,GET,5866,200
dynamic-ara3.csuchico.edu,1995-08-01 00:31:44,/ksc.html,GET,7280,200
www-b5.proxy.aol.com,1995-08-01 00:31:44,/history/skylab/skylab-logo.gif,GET,3274,200
rdr4.ccinet.ab.ca,1995-08-01 00:31:46,/shuttle/countdown/count70.gif,GET,0,304
rdr4.ccinet.ab.ca,1995-08-01 00:31:47,/images/NASA-logosmall.gif,GET,0,304
rdr4.ccinet.ab.ca,1995-08-01 00:31:47,/images/KSC-logosmall.gif,GET,0,304
cs1-08.leh.ptd.net,1995-08-01 00:31:48,/images/NASA-logosmall.gif,GET,786,200
cs1-08.leh.ptd.net,1995-08-01 00:31:48,/images/MOSAIC-logosmall.gif,GET,363,200
in24.inetnebr.com,1995-08-01 00:31:48,/shuttle/missions/sts-75/mission-sts-75.html,GET,3705,200
dialip129.gov.bc.ca,1995-08-01 00:31:50,/history/apollo/apollo-12/apollo-12.html,GET,2557,200
cs1-08.leh.ptd.net,1995-08-01 00:31:50,/images/USA-logosmall.gif,GET,234,200
cs1-08.leh.ptd.net,1995-08-01 00:31:51,/images/WORLD-logosmall.gif,GET,669,200
in24.inetnebr.com,1995-08-01 00:31:51,/shuttle/missions/sts-75/sts-75-patch-small.gif,GET,4179,200
thunderbox.ho.bom.gov.au,1995-08-01 00:31:55,/elv/elvpage.htm,GET,7775,200
adam.tower.com.au,1995-08-01 00:31:58,/shuttle/missions/sts-71/images/KSC-95EC-0913.jpg,GET,25439,200
piweba3y.prodigy.com,1995-08-01 00:31:58,/images/vab-small.gif,GET,35709,200
www-d1.proxy.aol.com,1995-08-01 00:31:59,/shuttle/technology/images/srb_mod_compare_1-small.gif,GET,36902,200
www-d1.proxy.aol.com,1995-08-01 00:32:01,/shuttle/technology/images/srb_mod_compare_6-small.gif,GET,28219,200
www-d1.proxy.aol.com,1995-08-01 00:32:03,/shuttle/technology/images/srb_mod_compare_3-small.gif,GET,55666,200
www-b5.proxy.aol.com,1995-08-01 00:32:10,/history/skylab/skylab-4.html,GET,1165,200
dialip129.gov.bc.ca,1995-08-01 00:32:11,/history/apollo/apollo-12/apollo-12-info.html,GET,1457,200
www-b5.proxy.aol.com,1995-08-01 00:32:12,/history/skylab/skylab-4-small.gif,GET,13775,200
piweba3y.prodigy.com,1995-08-01 00:32:13,/images/kscmap-tiny.gif,GET,2537,200
cs1-08.leh.ptd.net,1995-08-01 00:32:16,/shuttle/missions/sts-71/movies/movies.html,GET,3381,200
in24.inetnebr.com,1995-08-01 00:32:17,/shuttle/missions/missions.html,GET,8677,200
cs1-08.leh.ptd.net,1995-08-01 00:32:18,/shuttle/missions/sts-71/sts-71-patch-small.gif,GET,12054,200
dialip129.gov.bc.ca,1995-08-01 00:32:23,/history/apollo/apollo-12/sounds/,GET,381,200
in24.inetnebr.com,1995-08-01 00:32:27,/images/launchmedium.gif,GET,11853,200
www-d1.proxy.aol.com,1995-08-01 00:32:32,/,GET,7280,200
198.248.59.123,1995-08-01 00:32:37,/history/gemini/movies/gemini-launch.mpg,GET,104987,200
uplherc.upl.com,1995-08-01 00:32:38,/shuttle/technology/sts-newsref/stsover-launch.html,GET,90755,200
in24.inetnebr.com,1995-08-01 00:32:38,/images/NASA-logosmall.gif,GET,786,200
dialip129.gov.bc.ca,1995-08-01 00:32:42,/history/apollo/apollo-12/movies/,GET,381,200
www-b5.proxy.aol.com,1995-08-01 00:32:47,/ksc.html,GET,7280,200
line10.pm1.abb.mindlink.net,1995-08-01 00:32:55,"/cgi-bin/imagemap/countdown70?289,288",GET,85,302
line10.pm1.abb.mindlink.net,1995-08-01 00:32:59,/htbin/cdt_main.pl,GET,3714,200
thunderbox.ho.bom.gov.au,1995-08-01 00:33:01,/elv/uplink.htm,GET,1374,200
dialip129.gov.bc.ca,1995-08-01 00:33:01,/history/apollo/apollo-12/images/,GET,1329,200
www-b5.proxy.aol.com,1995-08-01 00:33:04,/whats-new.html,GET,18936,200
pme609.onramp.awinc.com,1995-08-01 00:33:09,/shuttle/missions/sts-64/mission-sts-64.html,GET,58808,200
www-b5.proxy.aol.com,1995-08-01 00:33:10,/images/whatsnew.gif,GET,651,200
line10.pm1.abb.mindlink.net,1995-08-01 00:33:12,/shuttle/countdown/images/countclock.gif,GET,13994,200
hun8.ramlink.net,1995-08-01 00:33:25,/shuttle/missions/sts-68/mission-sts-68.html,GET,49702,200
ix-cha-nc1-02.ix.netcom.com,1995-08-01 00:33:29,/shuttle/countdown/liftoff.html,GET,5220,200
in24.inetnebr.com,1995-08-01 00:33:29,/shuttle/missions/sts-59/mission-sts-59.html,GET,63060,200
www-d1.proxy.aol.com,1995-08-01 00:33:30,/whats-new.html,GET,18936,200
prakinf2.prakinf.tu-ilmenau.de,1995-08-01 00:33:31,/images/shuttle-patch-small.gif,GET,4179,200
cs1-08.leh.ptd.net,1995-08-01 00:33:33,/shuttle/missions/sts-71/movies/sts-71-launch-3.mpg,GET,130724,200
dialip129.gov.bc.ca,1995-08-01 00:33:34,/history/apollo/apollo-1/apollo-1.html,GET,3841,200
ix-cha-nc1-02.ix.netcom.com,1995-08-01 00:33:34,/images/NASA-logosmall.gif,GET,786,200
in24.inetnebr.com,1995-08-01 00:33:43,/shuttle/missions/sts-59/sts-59-info.html,GET,1430,200
pme609.onramp.awinc.com,1995-08-01 00:33:44,/shuttle/missions/sts-64/sts-64-patch-small.gif,GET,15980,200
blv-pm11-ip17.halcyon.com,1995-08-01 00:33:44,/shuttle/technology/sts-newsref/sts-mps.html,GET,215409,200
www-b5.proxy.aol.com,1995-08-01 00:33:47,/shuttle/countdown/liftoff.html,GET,5220,200
hun8.ramlink.net,1995-08-01 00:33:49,/shuttle/missions/sts-68/sts-68-patch-small.gif,GET,17459,200
in24.inetnebr.com,1995-08-01 00:33:49,/shuttle/missions/sts-59/sts-59-patch-small.gif,GET,12181,200
itws.info.eng.niigata-u.ac.jp,1995-08-01 00:33:51,/ksc.html/,GET,7280,200
www-b5.proxy.aol.com,1995-08-01 00:33:53,/shuttle/countdown/video/livevideo2.gif,GET,71319,200
itws.info.eng.niigata-u.ac.jp,1995-08-01 00:33:54,/images/ksclogo-medium.gif,GET,5866,200
www-d1.proxy.aol.com,1995-08-01 00:33:54,/images/whatsnew.gif,GET,651,200
dialip129.gov.bc.ca,1995-08-01 00:33:54,/history/apollo/apollo-1/apollo-1-info.html,GET,1434,200
ix-cha-nc1-02.ix.netcom.com,1995-08-01 00:33:55,/shuttle/countdown/video/livevideo2.gif,GET,71319,200
piweba3y.prodigy.com,1995-08-01 00:33:58,/images/kscmap-tiny.gif,GET,2537,200
itws.info.eng.niigata-u.ac.jp,1995-08-01 00:34:01,/images/NASA-logosmall.gif,GET,786,200
in24.inetnebr.com,1995-08-01 00:34:03,/htbin/wais.pl?STS-59,GET,4447,200
itws.info.eng.niigata-u.ac.jp,1995-08-01 00:34:03,/images/MOSAIC-logosmall.gif,GET,363,200
itws.info.eng.niigata-u.ac.jp,1995-08-01 00:34:05,/images/USA-logosmall.gif,GET,234,200
pme609.onramp.awinc.com,1995-08-01 00:34:06,/images/KSC-logosmall.gif,GET,1204,200
itws.info.eng.niigata-u.ac.jp,1995-08-01 00:34:07,/images/WORLD-logosmall.gif,GET,669,200
ykline6.internorth.com,1995-08-01 00:34:09,/images/flight-deck.gif,GET,196608,200
dialip129.gov.bc.ca,1995-08-01 00:34:09,/history/apollo/apollo-1/movies/,GET,378,200
hun8.ramlink.net,1995-08-01 00:34:10,/images/KSC-logosmall.gif,GET,1204,200
pm9.j51.com,1995-08-01 00:34:10,/history/apollo/apollo-1/images/67HC33.gif,GET,107469,200
dialup-2-139.gw.umn.edu,1995-08-01 00:34:10,/history/apollo/apollo.html,GET,3260,200
pme609.onramp.awinc.com,1995-08-01 00:34:12,/images/launch-logo.gif,GET,1713,200
dialup-2-139.gw.umn.edu,1995-08-01 00:34:13,/history/apollo/images/footprint-small.gif,GET,18149,200
hun8.ramlink.net,1995-08-01 00:34:13,/images/launch-logo.gif,GET,1713,200
dialup-2-139.gw.umn.edu,1995-08-01 00:34:13,/images/KSC-logosmall.gif,GET,1204,200
dialup-2-139.gw.umn.edu,1995-08-01 00:34:14,/history/apollo/images/apollo-logo1.gif,GET,1173,200
hun8.ramlink.net,1995-08-01 00:34:17,/history/apollo/images/apollo-logo1.gif,GET,1173,200
prakinf2.prakinf.tu-ilmenau.de,1995-08-01 00:34:18,/shuttle/technology/sts-newsref/stsref-toc.html,GET,84905,200
pme609.onramp.awinc.com,1995-08-01 00:34:18,/history/apollo/images/apollo-logo1.gif,GET,1173,200
192.127.139.163,1995-08-01 00:34:22,/,GET,7280,200
dialip129.gov.bc.ca,1995-08-01 00:34:22,/history/apollo/apollo-1/sounds/,GET,378,200
133.43.96.45,1995-08-01 00:34:24,/history/apollo/images/footprint.gif,GET,67171,200
in24.inetnebr.com,1995-08-01 00:34:27,/shuttle/missions/sts-59/sts-59-patch-small.gif,GET,12181,200
blv-pm11-ip17.halcyon.com,1995-08-01 00:34:35,/images/shuttle-patch-logo.gif,GET,891,200
ix-cha-nc1-02.ix.netcom.com,1995-08-01 00:34:35,/htbin/cdt_clock.pl,GET,543,200
dialip129.gov.bc.ca,1995-08-01 00:34:38,/history/apollo/apollo-1/images/,GET,1190,200
lutzp.tigernet.net,1995-08-01 00:34:48,/software/winvn/winvn.html,GET,9866,200
dd09-012.compuserve.com,1995-08-01 00:34:48,/facts/launch-pass.txt,GET,29823,200
in24.inetnebr.com,1995-08-01 00:34:49,/shuttle/missions/sts-59/sts-59-patch-small.gif,GET,12181,200
lutzp.tigernet.net,1995-08-01 00:34:51,/software/winvn/winvn.gif,GET,25218,200
lutzp.tigernet.net,1995-08-01 00:34:51,/images/construct.gif,GET,1414,200
lutzp.tigernet.net,1995-08-01 00:34:51,/software/winvn/bluemarb.gif,GET,4441,200
futurcom.nai.net,1995-08-01 00:34:54,/shuttle/missions/sts-70/mission-sts-70.html,GET,20224,200
columbia.acc.brad.ac.uk,1995-08-01 00:34:55,"/ksc.html""",GET,7280,200
futurcom.nai.net,1995-08-01 00:34:57,/shuttle/missions/sts-70/sts-70-patch-small.gif,GET,5978,200
dialup-2-139.gw.umn.edu,1995-08-01 00:34:57,/history/apollo/apollo-11/apollo-11.html,GET,44877,200
lutzp.tigernet.net,1995-08-01 00:34:59,/software/winvn/wvsmall.gif,GET,13372,200
dialup-2-139.gw.umn.edu,1995-08-01 00:34:59,/history/apollo/apollo-11/apollo-11-patch-small.gif,GET,11175,200
columbia.acc.brad.ac.uk,1995-08-01 00:35:00,"/images/ksclogo-medium.gif""",GET,5866,200
lutzp.tigernet.net,1995-08-01 00:35:00,/images/KSC-logosmall.gif,GET,1204,200
general2.asu.edu,1995-08-01 00:35:01,/,GET,7280,200
columbia.acc.brad.ac.uk,1995-08-01 00:35:01,"/images/NASA-logosmall.gif""",GET,786,200
columbia.acc.brad.ac.uk,1995-08-01 00:35:02,"/images/MOSAIC-logosmall.gif""",GET,363,200
columbia.acc.brad.ac.uk,1995-08-01 00:35:02,"/images/USA-logosmall.gif""",GET,234,200
columbia.acc.brad.ac.uk,1995-08-01 00:35:03,"/images/WORLD-logosmall.gif""",GET,669,200
piweba3y.prodigy.com,1995-08-01 00:35:04,/facilities/mlp.html,GET,2653,200
205.199.120.118,1995-08-01 00:35:05,/,GET,7280,200
lutzp.tigernet.net,1995-08-01 00:35:07,/images/MOSAIC-logosmall.gif,GET,363,200
205.199.120.118,1995-08-01 00:35:08,/images/ksclogo-medium.gif,GET,5866,200
www-d1.proxy.aol.com,1995-08-01 00:35:09,/elv/elvpage.htm,GET,7775,200
205.199.120.118,1995-08-01 00:35:09,/images/NASA-logosmall.gif,GET,786,200
205.199.120.118,1995-08-01 00:35:10,/images/MOSAIC-logosmall.gif,GET,363,200
205.199.120.118,1995-08-01 00:35:10,/images/USA-logosmall.gif,GET,234,200
general2.asu.edu,1995-08-01 00:35:12,/facts/facts.html,GET,4722,200
205.199.120.118,1995-08-01 00:35:14,/images/WORLD-logosmall.gif,GET,669,200
general2.asu.edu,1995-08-01 00:35:15,/facts/faq01.html,GET,19320,200
bdmgate.bdm.com,1995-08-01 00:35:16,/,GET,7280,200
piweba3y.prodigy.com,1995-08-01 00:35:17,/images/mlp-logo.gif,GET,28426,200
lutzp.tigernet.net,1995-08-01 00:35:17,/images/USA-logosmall.gif,GET,234,200
cs1-08.leh.ptd.net,1995-08-01 00:35:18,/shuttle/missions/sts-71/movies/movies.html,GET,3381,200
bdmgate.bdm.com,1995-08-01 00:35:18,/images/ksclogo-medium.gif,GET,5866,200
cs1-08.leh.ptd.net,1995-08-01 00:35:20,/shuttle/missions/sts-71/sts-71-patch-small.gif,GET,12054,200
lutzp.tigernet.net,1995-08-01 00:35:20,/images/WORLD-logosmall.gif,GET,669,200
line10.pm1.abb.mindlink.net,1995-08-01 00:35:22,"/cgi-bin/imagemap/countdown70?181,287",GET,110,302
dialup-2-139.gw.umn.edu,1995-08-01 00:35:22,/images/ksclogosmall.gif,GET,3635,200
dialup-2-139.gw.umn.edu,1995-08-01 00:35:22,/history/apollo/images/footprint-logo.gif,GET,4209,200
futurcom.nai.net,1995-08-01 00:35:24,/images/launch-logo.gif,GET,1713,200
futurcom.nai.net,1995-08-01 00:35:24,/history/apollo/images/apollo-logo1.gif,GET,1173,200
bdmgate.bdm.com,1995-08-01 00:35:24,/images/WORLD-logosmall.gif,GET,669,200
bdmgate.bdm.com,1995-08-01 00:35:25,/images/NASA-logosmall.gif,GET,786,200
line10.pm1.abb.mindlink.net,1995-08-01 00:35:26,/shuttle/missions/sts-70/movies/movies.html,GET,2979,200
bdmgate.bdm.com,1995-08-01 00:35:26,/images/MOSAIC-logosmall.gif,GET,363,200
ix-cha-nc1-02.ix.netcom.com,1995-08-01 00:35:27,/shuttle/missions/missions.html,GET,8677,200
205.199.120.118,1995-08-01 00:35:27,/shuttle/countdown/,GET,4324,200
futurcom.nai.net,1995-08-01 00:35:28,/images/KSC-logosmall.gif,GET,1204,200
bdmgate.bdm.com,1995-08-01 00:35:28,/images/USA-logosmall.gif,GET,234,200
ix-cha-nc1-02.ix.netcom.com,1995-08-01 00:35:29,/images/launchmedium.gif,GET,11853,200
205.199.120.118,1995-08-01 00:35:30,/images/KSC-logosmall.gif,GET,1204,200
www-d1.proxy.aol.com,1995-08-01 00:35:30,/elv/elvhead3.gif,GET,9925,200
www-d1.proxy.aol.com,1995-08-01 00:35:31,/elv/endball.gif,GET,306,200
www-d1.proxy.aol.com,1995-08-01 00:35:32,/elv/hot.gif,GET,1007,200
ix-cha-nc1-02.ix.netcom.com,1995-08-01 00:35:34,/images/KSC-logosmall.gif,GET,1204,200
205.199.120.118,1995-08-01 00:35:36,/shuttle/countdown/count70.gif,GET,46573,200
line10.pm1.abb.mindlink.net,1995-08-01 00:35:37,/shuttle/missions/sts-70/sts-70-patch-small.gif,GET,5978,200
www-d1.proxy.aol.com,1995-08-01 00:35:41,/elv/PEGASUS/minpeg1.gif,GET,1055,200
www-d1.proxy.aol.com,1995-08-01 00:35:46,/elv/SCOUT/scout.gif,GET,1165,200
ix-cha-nc1-02.ix.netcom.com,1995-08-01 00:35:46,/shuttle/missions/sts-71/mission-sts-71.html,GET,13450,200
ix-cha-nc1-02.ix.netcom.com,1995-08-01 00:35:48,/shuttle/missions/sts-71/sts-71-patch-small.gif,GET,12054,200
www-d1.proxy.aol.com,1995-08-01 00:35:49,/elv/DELTA/delta.gif,GET,2244,200
grimnet23.idirect.com,1995-08-01 00:35:50,/images/construct.gif,GET,1414,200
dialup-2-139.gw.umn.edu,1995-08-01 00:35:51,/shuttle/resources/orbiters/columbia.html,GET,6922,200
www-d1.proxy.aol.com,1995-08-01 00:35:51,/elv/ATLAS_CENTAUR/atlas.gif,GET,2286,200
www-d1.proxy.aol.com,1995-08-01 00:35:51,/elv/TITAN/titan.gif,GET,3530,200
dialup-2-139.gw.umn.edu,1995-08-01 00:35:53,/shuttle/resources/orbiters/columbia-logo.gif,GET,11417,200
uplherc.upl.com,1995-08-01 00:35:53,/shuttle/countdown/,GET,4324,200
uplherc.upl.com,1995-08-01 00:35:56,/shuttle/countdown/count70.gif,GET,46573,200
dialup-2-139.gw.umn.edu,1995-08-01 00:35:57,/shuttle/resources/orbiters/orbiters-logo.gif,GET,1932,200
dialip129.gov.bc.ca,1995-08-01 00:35:58,/history/apollo/apollo-1/images/66HC1519.gif,GET,65240,200
www-d1.proxy.aol.com,1995-08-01 00:35:59,/elv/whnew.htm,GET,3993,200
ix-cha-nc1-02.ix.netcom.com,1995-08-01 00:35:59,/history/apollo/images/apollo-logo1.gif,GET,1173,200
ix-cha-nc1-02.ix.netcom.com,1995-08-01 00:35:59,/images/launch-logo.gif,GET,1713,200
grimnet23.idirect.com,1995-08-01 00:36:03,/images/KSC-logosmall.gif,GET,1204,200
uplherc.upl.com,1995-08-01 00:36:05,"/cgi-bin/imagemap/countdown70?61,223",GET,110,302
grimnet23.idirect.com,1995-08-01 00:36:06,/images/MOSAIC-logosmall.gif,GET,363,200
uplherc.upl.com,1995-08-01 00:36:06,/shuttle/missions/sts-70/images/images.html,GET,8657,200
grimnet23.idirect.com,1995-08-01 00:36:09,/images/USA-logosmall.gif,GET,234,200
www-d1.proxy.aol.com,1995-08-01 00:36:13,/elv/elvhead2.gif,GET,1733,200
grimnet23.idirect.com,1995-08-01 00:36:13,/images/WORLD-logosmall.gif,GET,669,200
pme609.onramp.awinc.com,1995-08-01 00:36:14,/shuttle/resources/orbiters/discovery.html,GET,6849,200
bdmgate.bdm.com,1995-08-01 00:36:15,/shuttle/missions/missions.html,GET,8677,200
205.199.120.118,1995-08-01 00:36:15,"/cgi-bin/imagemap/countdown70?59,186",GET,96,302
bdmgate.bdm.com,1995-08-01 00:36:17,/images/launchmedium.gif,GET,11853,200
adam.tower.com.au,1995-08-01 00:36:18,/shuttle/missions/sts-71/images/KSC-95EC-0950.gif,GET,27286,200
marimo.kushiro-ct.ac.jp,1995-08-01 00:36:20,/shuttle/countdown/countdown.html,GET,4324,200
bdmgate.bdm.com,1995-08-01 00:36:23,/images/KSC-logosmall.gif,GET,1204,200
www-d1.proxy.aol.com,1995-08-01 00:36:25,/elv/vidpicp.htm,GET,4251,200
pme609.onramp.awinc.com,1995-08-01 00:36:26,/shuttle/resources/orbiters/discovery-logo.gif,GET,4179,200
marimo.kushiro-ct.ac.jp,1995-08-01 00:36:27,/shuttle/countdown/count70.gif,GET,46573,200
in24.inetnebr.com,1995-08-01 00:36:28,/shuttle/missions/sts-59/news/,GET,6122,200
dialup-2-139.gw.umn.edu,1995-08-01 00:36:30,/facilities/mlp.html,GET,2653,200
